,zone_get_possesion,bet_cen_A,bet_cen_B,entropy_A,entropy_B,pA_z1,pA_z2,pA_z3,pA_z4,pA_z5,pA_z6,pA_z7,pA_z8,pA_z9,pA_z10,pA_z11,pA_z12,pB_z1,pB_z2,pB_z3,pB_z4,pB_z5,pB_z6,pB_z7,pB_z8,pB_z9,pB_z10,pB_z11,pB_z12,danger_zone,pass_count_A,pass_count_B,tA_ball_poss,tB_ball_poss,AZ-1,AZ1,AZ2,AZ3,AZ4,AZ5,AZ6,AZ7,AZ8,AZ9,AZ10,AZ11,AZ12,BZ-1,BZ1,BZ2,BZ3,BZ4,BZ5,BZ6,BZ7,BZ8,BZ9,BZ10,BZ11,BZ12
0,5,0.06666666666666667,0.07272727272727274,2.2211370581824115,2.1881171229338046,0,1,0,0,2,2,1,1,2,1,1,0,0,1,0,0,7,2,0,0,0,1,0,0,0.0,0,3,0.0,1.0,0.0,0.0,1.0427809807228918,0.0,0.0,4.514853224096385,2.7413815879518086,1.1969855349397598,1.4214307228915681,1.8563957999999996,1.442373007228916,0.016800968674698845,0.0,0.0,0.0,0.21256811566265088,0.0,0.0,2.4428294602409633,1.683485595180724,0.0,0.0,0.0,2.1436666554216877,0.0,0.0
1,5,0.08484848484848485,0.0909090909090909,2.045715772275823,1.9576099435998415,0,0,0,0,0,0,0,1,3,0,3,4,0,1,0,0,1,1,0,1,4,0,2,1,0.0,1,1,1.0,0.0,0.0,0.0,0.0,0.0,0.0,0.0,0.0,0.0,0.654585274698795,2.7772826096385543,0.0,1.1801728120481916,3.7333345662650625,0.0,0.0,0.02619996144578304,0.0,0.0,0.258057621686747,0.2658522867469875,0.0,0.7814830192771087,3.3427107975903616,0.0,0.8906938192771083,0.10792538313253014
2,12,0.0606060606060606,0.050505050505050504,1.4228055809836646,1.5342462231328469,0,2,0,0,4,1,0,1,0,2,1,0,0,1,0,0,1,1,0,1,2,0,2,3,0.0,0,1,0.5938281901584654,0.4061718098415346,0.0,0.0,1.4511723253012065,0.0,0.0,4.581342448192772,0.5670091156626504,0.0,0.2953685638554221,0.0,3.3444746819277125,0.09840090361445787,0.0,0.0,0.0,0.14881161686746974,0.0,0.0,0.6164078530120487,0.31191219036144624,0.0,0.6623851445783122,2.2761757734939763,0.0,1.9876618771084336,2.3574049228915657
3,9,0.08282828282828282,0.0909090909090909,2.1235226725911995,2.0313200564774725,0,0,0,0,2,2,0,2,4,0,1,0,0,1,0,0,1,2,0,4,2,1,0,0,0.0,0,0,0.45896656534954405,0.541033434650456,0.0,0.0,0.0,0.0,0.0,2.9088039036144595,1.7384178361445775,0.0,1.1670876072289147,7.096765937349395,0.0,0.30268434939759004,0.0,0.0,0.0,0.2109699469879517,0.0,0.0,1.6035885831325274,1.0387404289156632,0.0,2.9485683614457843,0.8505132867469885,1.2560395445783137,0.0,0.0
4,9,0.098989898989899,0.08282828282828282,1.9652878064213661,2.1235226725911995,1,2,0,0,3,1,0,2,0,1,1,0,0,1,0,0,2,2,0,2,4,0,0,0,0.0,0,0,0.5413819286256644,0.45861807137433563,0.0,1.4199550048192782,2.3755676891566266,0.0,0.0,4.310246479518073,0.2861384891566265,0.0,0.7651901999999998,0.0,1.0232312313253016,0.08960251084337346,0.0,0.0,0.0,0.2788558843373492,0.0,0.0,2.461336373493975,2.65728015180723,0.0,4.560117975903614,5.728666980722888,0.0,0.0,0.0
5,2,0.060606060606060615,0.05454545454545454,1.4989828755610992,1.503499087419569,0,3,3,0,1,2,0,0,0,1,1,0,3,3,0,0,4,0,0,1,0,0,0,0,0.0,0,0,0.7434328895286074,0.2565671104713926,0.0,0.0,2.609367946987951,4.628681530120483,0.0,0.22505938554216892,0.49111244096385553,0.0,0.0,0.0,1.2233142867469884,0.0067223710843372165,0.0,0.0,1.568476467469879,1.2658392072289166,0.0,0.0,5.664013951807228,0.0,0.0,1.437821371084337,0.0,0.0,0.0,0.0
6,6,0.0787878787878788,0.10303030303030303,2.123561520957956,1.9060920115892948,0,0,0,0,0,1,2,5,2,0,1,0,0,1,0,0,2,1,1,3,1,0,2,0,0.0,1,2,0.4257921067259589,0.5742078932740411,0.0,0.0,0.0,0.0,0.0,0.0,0.3774174506024095,2.6880100771084345,3.720988308433739,0.698717255421686,0.0,0.21433977108433733,0.0,0.0,0.0,0.16767676626506045,0.0,0.0,1.7353554578313244,2.34878001686747,0.12919595421686725,2.4559179686747,0.28742322650602425,0.0,0.660871973493975,0.0
7,9,0.09494949494949494,0.09292929292929294,1.9648537166796907,1.9876301655635786,0,0,0,0,3,1,2,1,1,2,1,0,0,1,0,0,1,1,1,5,1,1,0,0,1.0,1,0,0.610178117048346,0.389821882951654,0.0,0.0,0.0,0.0,0.0,1.3096214385542169,0.3231850771084342,1.7870794120481945,0.7041165469879511,0.3078481662650603,0.8775129469879517,0.3336596240963854,0.0,0.0,0.0,0.22181137590361463,0.0,0.0,0.19976032048192768,1.2128068915662646,0.3142520240963857,3.231026573493976,1.5116923084337355,0.40195676385542095,0.0,0.0
8,8,0.08484848484848485,0.0787878787878788,2.0207374716320774,2.15674322903743,1,0,1,0,3,1,0,1,0,3,1,0,0,1,0,0,4,2,0,1,0,3,0,0,0.0,0,1,0.39763878422506904,0.602361215774931,0.0,0.2409813469879517,0.0,1.000338028915663,0.0,5.943221609638553,0.49314756144578287,0.0,0.3408404674698794,0.0,3.143009913253011,0.1165879156626507,0.0,0.0,0.0,0.33472274457831347,0.0,0.0,2.308018380722892,1.6950972433734952,0.0,0.07728295662650614,0.0,1.2286550024096383,0.0,0.0
9,1,0.07474747474747476,0.10101010101010101,2.1222153885109103,1.8889249791638507,0,2,2,0,2,2,0,1,1,0,1,0,0,2,4,0,1,3,0,0,0,1,0,0,0.0,3,1,0.6382541133455211,0.36174588665447893,0.0,0.0,0.9736506939759033,1.7675990674698798,0.0,0.363908739759036,2.011779679518073,0.0,0.11169813253012044,0.2814997518072289,0.0,0.13275652048192793,0.0,0.0,0.0,1.0256955469879516,0.9283771012048192,0.0,0.23925117831325302,1.4629999518072283,0.0,0.0,0.0,0.32905430602409663,0.0,0.0
10,1,0.10909090909090907,0.07676767676767676,1.794469066232299,2.125531133096486,0,0,1,0,3,4,0,1,1,0,1,0,0,2,1,0,1,4,0,0,2,1,0,0,0.0,1,3,0.36232876712328765,0.6376712328767123,0.0,0.0,0.0,0.7259761590361448,0.0,0.8869224939759033,1.8779612891566266,0.0,0.3438394987951806,0.08430127951807238,0.0,0.10941686024096377,0.0,0.0,0.0,0.19912218795180717,0.3332986192771084,0.0,0.4559182771084337,1.7609843855421687,0.0,0.0,0.9079398506024097,0.7127120963855426,0.0,0.0
11,3,0.06666666666666667,0.10505050505050505,1.8131203414329442,1.8620468712875324,0,0,0,0,2,4,0,2,2,0,1,0,0,1,0,0,2,5,0,1,1,1,0,0,0.0,0,1,0.6738594327990136,0.3261405672009864,0.0,0.0,0.0,0.0,0.0,2.3581446722891566,3.2871415807228908,0.0,1.1700253807228918,1.0654010746987952,0.0,0.29573903132530077,0.0,0.0,0.0,0.11228034216867473,0.0,0.0,4.364990580722894,2.882160990361446,0.0,2.3149138626506036,1.5537790843373493,0.3843136481927714,0.0,0.0
12,9,0.10505050505050505,0.08686868686868686,1.8392642168253865,2.030179643119286,0,2,2,0,1,3,0,2,0,1,0,0,0,1,0,0,2,6,0,0,1,1,0,0,0.0,1,3,0.40854978354978355,0.5914502164502164,0.0,0.0,3.7164564867469863,0.7239508698795183,0.0,0.22101584096385554,0.7332677927710842,0.0,0.18138280481927727,0.0,0.15233422409638558,0.0,0.0,0.0,0.0,0.2968128506024096,0.0,0.0,1.4715630578313266,4.600692657831324,0.0,0.0,1.389352995180722,0.289023036144578,0.0,0.0
13,7,0.09494949494949494,0.10101010101010101,1.9001097708977555,1.8678790703022996,0,1,2,0,3,4,0,1,0,0,0,0,1,2,5,0,1,2,0,0,0,0,0,0,0.0,0,1,0.6155151926667798,0.3844848073332202,0.0,0.0,3.6116933566265073,2.0396149590361454,0.0,2.8680433084337347,5.350833122891568,0.0,0.12117589156626535,0.0,0.0,0.0,0.0,0.0,0.3626975132530124,0.7468814240963865,1.6311153108433738,0.0,0.5651330963855421,1.1687163903614453,0.0,0.0,0.0,0.0,0.0,0.0
14,7,0.09898989898989896,0.08282828282828282,1.8710010470057943,2.0197532768692232,0,0,0,0,4,2,0,3,1,0,1,0,0,5,1,0,3,2,0,0,0,0,0,0,0.0,1,0,0.38677490275663795,0.613225097243362,0.0,0.0,0.0,0.0,0.0,0.877362506024096,1.0463030024096396,0.0,0.5654330530120482,0.19690647469879513,0.0,0.2523141759036142,0.0,0.0,0.0,5.592443862650603,3.4913070795180716,0.0,4.4014380289156625,3.528931062650601,0.0,0.0,0.0,0.0,0.0,0.0
15,10,0.08282828282828283,0.10303030303030303,2.08801804902495,1.8819375768861846,1,1,1,0,1,2,0,1,0,3,1,0,0,1,0,0,4,5,0,0,1,0,0,0,1.0,0,0,0.6389327439216924,0.3610672560783076,0.0,2.242298725301205,1.4562213397590362,0.5918029012048195,0.0,0.5092943277108429,0.5505723614457825,0.0,0.1747990192771082,0.0,3.650376166265062,0.21121405301204818,0.0,0.0,0.0,0.2511077927710843,0.0,0.0,1.399173209638555,1.2158159710843377,0.0,0.0,0.041122763855421615,0.0,0.0,0.0
16,10,0.10303030303030303,0.08282828282828282,1.8819375768861846,2.069970298890497,0,0,0,0,2,1,0,4,3,0,1,0,0,1,0,0,4,2,0,1,3,0,0,0,0.0,0,0,0.36116811365430146,0.6388318863456985,0.0,0.0,0.0,0.0,0.0,2.5745434915662653,0.16053284096385526,0.0,9.651266060240966,4.195086346987953,0.0,0.1733037975903616,0.0,0.0,0.0,0.0766043132530119,0.0,0.0,3.4590491927710896,3.534136272289153,0.0,2.374146643373496,1.9809066939759044,0.0,0.0,0.0
17,10,0.06262626262626264,0.07272727272727274,1.8544505673011615,2.1737072923114678,0,0,0,0,2,1,2,2,1,2,1,0,0,1,0,0,2,0,2,3,2,0,1,0,0.0,1,1,0.6666666666666666,0.33333333333333337,0.0,0.0,0.0,0.0,0.0,1.7408040939759033,1.1283258722891576,1.741362224096386,1.6327102554216852,1.5397200650602416,3.13074607228916,0.17647661204819265,0.0,0.0,0.0,0.1498204698795178,0.0,0.0,3.0338934000000015,0.0,3.7375808313253014,8.962528698795184,6.9320965373494,0.0,1.292154440963856,0.0
18,3,0.08484848484848485,0.09494949494949495,2.0509446027907496,2.005928279299267,0,1,1,0,2,2,0,1,1,2,1,0,0,1,0,0,3,1,1,2,0,3,0,0,0.0,1,0,0.36364900570157144,0.6363509942984286,0.0,0.0,0.661579308433735,1.248054925301204,0.0,2.53083616626506,2.894851142168675,0.0,0.26823607228915675,1.166621009638554,2.2568521518072293,0.08907802409638546,0.0,0.0,0.0,0.17634683855421648,0.0,0.0,2.4838154602409634,0.8446086650602416,1.1135641951807227,1.7876308120481934,0.0,4.5417466987951824,0.0,0.0
19,6,0.10101010101010101,0.0707070707070707,1.9424451474066444,2.1868198179260996,0,0,0,0,2,2,1,4,0,1,1,0,0,1,0,0,6,3,0,1,0,0,0,0,0.0,1,1,0.6543748347872059,0.34562516521279407,0.0,0.0,0.0,0.0,0.0,1.3815047060240966,1.1479755903614461,1.897152918072288,5.646640091566261,0.0,1.020484518072289,2.755702525301203,0.0,0.0,0.0,3.445478595180724,0.0,0.0,16.49243578554217,8.6665641686747,0.0,1.0597993084337352,0.0,0.0,0.0,0.0
20,6,0.08484848484848485,0.06666666666666667,1.6356762571034793,1.7940825330341161,0,0,0,0,1,0,4,2,1,0,2,1,0,1,0,0,2,0,1,4,1,1,1,0,0.0,1,0,0.3780150753768844,0.6219849246231156,0.0,0.0,0.0,0.0,0.0,1.4173225445783149,0.0,2.100891607228917,0.5674220674698793,0.06161639277108448,0.0,0.5250686746987957,0.21233546024096375,0.0,0.0,0.043236679518072266,0.0,0.0,0.9664590433734945,0.0,0.07122854457831355,2.9749369807228927,1.0991279855421687,0.18807513253012015,0.1135671903614457,0.0
21,6,0.10303030303030304,0.10909090909090911,1.935683000725907,1.9373569673805633,0,0,0,0,3,4,1,1,1,0,1,0,0,1,0,0,2,0,2,4,1,1,0,0,0.0,0,1,0.6224592220828106,0.37754077791718943,0.0,0.0,0.0,0.0,0.0,1.6361704120481926,5.448920212048191,0.32305365542168696,0.42133784096385546,0.6800203301204828,0.0,0.11905337349397618,0.0,0.0,0.0,0.07382469397590394,0.0,0.0,1.143852036144578,0.0,0.8044801373493982,2.252827879518073,0.4255544819277112,0.09044289397590367,0.0,0.0
22,6,0.1313131313131313,0.07878787878787878,1.7463001486288656,2.0975221648129097,0,0,0,0,2,0,3,2,1,2,1,0,0,1,0,0,2,0,1,5,1,1,0,0,0.0,0,0,0.39720534629404614,0.6027946537059539,0.0,0.0,0.0,0.0,0.0,0.9266467734939763,0.0,1.1460140674698793,0.5875052313253006,1.0404986313253017,1.5618245710843388,0.19578865301204867,0.0,0.0,0.0,0.0843786216867468,0.0,0.0,2.7728913397590333,0.0,0.13930410361445797,3.0169398433734953,1.0500198722891558,0.08251872289156655,0.0,0.0
23,6,0.060606060606060615,0.11111111111111115,1.8685629267492325,1.789375606500622,1,2,1,0,2,2,0,1,0,1,1,0,0,1,0,0,3,0,1,1,1,4,0,0,0.0,0,0,0.6094384707287933,0.3905615292712067,0.0,0.4762268313253006,5.653583783132531,0.38609344337349405,0.0,1.0281320891566261,2.889649033734941,0.0,0.35226490120481996,0.0,0.5135067686746991,0.013202118072289184,0.0,0.0,0.0,0.19601932771084374,0.0,0.0,1.1237016506024102,0.0,1.0374556987951813,0.6360459542168669,1.1911421277108436,1.2004454096385544,0.0,0.0
24,6,0.09494949494949494,0.05656565656565657,1.9443517668586432,1.9094970295056157,0,2,1,0,3,3,0,0,0,1,1,0,0,4,2,0,1,3,0,0,0,1,0,0,0.0,0,0,0.39063433281567317,0.6093656671843268,0.0,0.0,2.113770802409638,0.3147631807228914,0.0,0.9822445373493973,2.407921004819278,0.0,0.0,0.0,0.6823292530120479,0.07336945301204827,0.0,0.0,0.0,2.210292563855421,2.4297369975903607,0.0,0.6467139975903612,1.019737691566265,0.0,0.0,0.0,0.3119854554216866,0.0,0.0
25,2,0.09090909090909091,0.09494949494949495,1.948930815497618,1.9340588791911513,0,0,0,0,3,2,1,2,2,0,1,0,0,1,0,1,2,0,0,3,2,0,1,1,0.0,0,2,0.6372712146422629,0.3627287853577371,0.0,0.0,0.0,0.0,0.0,0.9175093807228919,0.5771653807228916,0.22278890602409632,0.9609676771084326,0.9243355373493978,0.0,0.12705354216867426,0.0,0.0,0.0,1.7506055999999994,0.0,1.2244230867469876,1.767503132530122,0.0,0.0,1.7646851855421675,1.0543258843373498,0.0,0.09513471325301194,0.11778853734939748
26,3,0.098989898989899,0.09696969696969697,1.9231948342029468,1.9316277674695521,0,2,1,0,3,3,0,0,0,1,1,0,0,1,0,0,4,3,0,2,0,1,0,0,0.0,1,1,0.3731587561374795,0.6268412438625205,0.0,0.0,4.016815785542172,1.4484756578313258,0.0,1.2533849783132531,1.6679544000000002,0.0,0.0,0.0,0.34319079759036164,0.07419456144578304,0.0,0.0,0.0,0.12728551807228933,0.0,0.0,1.8630333036144586,1.3277265831325313,0.0,0.22074896385542123,0.0,0.1432731469879518,0.0,0.0
27,6,0.1111111111111111,0.05454545454545454,1.5030626597785093,1.8731649146257274,0,2,1,0,1,4,0,0,2,0,0,1,1,4,3,0,1,2,0,0,0,0,0,0,0.0,0,2,0.6363249680986814,0.36367503190131856,0.0,0.0,0.7262147204819281,0.3355411373493978,0.0,0.08484053493975896,1.2107968626506036,0.0,0.0,0.242871368674699,0.0,0.0,0.1435651951807229,0.0,0.8146584144578314,3.283724906024097,2.6748924289156633,0.0,0.14906853253012017,0.7507282192771084,0.0,0.0,0.0,0.0,0.0,0.0
28,2,0.07676767676767678,0.056565656565656576,1.7256914290723548,1.9033977498321377,0,2,0,0,1,5,0,0,2,0,0,1,0,3,1,0,1,5,0,0,1,0,0,0,0.0,1,1,0.374385781495034,0.625614218504966,0.0,0.0,1.039559342168675,0.0,0.0,0.1692548240963855,1.3702418096385538,0.0,0.0,0.09624339036144582,0.0,0.0,0.1866589084337352,0.0,0.0,0.6228920963855431,0.016180199999999933,0.0,0.4385888891566265,1.5502514024096385,0.0,0.0,0.23117538072289157,0.0,0.0,0.0
29,6,0.048484848484848485,0.06666666666666667,1.5506851443119174,1.352167112681332,0,0,0,0,0,2,0,3,2,0,1,3,0,1,0,0,2,2,1,2,3,0,0,0,0.0,0,0,0.633357223302959,0.36664277669704104,0.0,0.0,0.0,0.0,0.0,0.0,0.3094752289156628,0.0,0.6215263951807224,0.8584137325301213,0.0,0.2735419734939768,0.8342824698795174,0.0,0.0,0.37521232048192743,0.0,0.0,4.963914809638552,3.1431804867469877,0.21319111084337394,1.051755737349398,1.8667294626506026,0.0,0.0,0.0
30,6,0.06666666666666667,0.048484848484848485,1.352167112681332,1.5506851443119174,0,0,0,0,1,2,0,1,4,0,1,2,0,1,0,0,1,2,1,2,3,0,0,1,0.0,0,0,0.36670761670761676,0.6332923832923832,0.0,0.0,0.0,0.0,0.0,0.17419860722891597,1.057571110843373,0.0,0.2663526506024092,2.914148580722892,0.0,0.15830256144578322,0.45641330602409647,0.0,0.0,0.13707823373493994,0.0,0.0,0.09367369156626502,0.5298200385542168,0.1857208048192769,0.7631091469879525,0.8694652843373492,0.0,0.0,0.16063707469879523
31,1,0.06464646464646463,0.08484848484848485,1.8181636510489299,1.6146386177222098,0,0,0,0,1,3,0,2,4,0,0,1,0,1,0,0,2,3,0,1,3,0,0,1,0.0,0,0,0.664795058955643,0.33520494104435705,0.0,0.0,0.0,0.0,0.0,0.20368052530120526,1.538724650602409,0.0,0.4864604096385538,2.303065474698795,0.0,0.0,0.09120870361445768,0.0,0.0,0.08294253975903623,0.0,0.0,0.46469427469879543,0.8043512168674696,0.0,0.894680074698795,1.1275289493975904,0.0,0.0,0.5802985734939756
32,9,0.09090909090909091,0.06666666666666667,1.5691956073960078,1.7856718726773102,1,4,0,0,1,1,0,1,0,2,1,0,0,1,0,0,2,3,0,1,4,0,0,0,0.0,2,1,0.4215454767527075,0.5784545232472925,0.0,2.1703777807228914,4.197597585542166,0.0,0.0,0.4292701228915661,0.1923801180722891,0.0,0.10307699999999986,0.0,2.1265479397590363,0.0012184987951807755,0.0,0.0,0.0,0.09217267951807219,0.0,0.0,1.4291005156626517,0.8376129253012051,0.0,0.5665260289156625,1.7262770168674713,0.0,0.0,0.0
33,8,0.09494949494949494,0.08282828282828282,1.931170497424767,2.0682355521732676,0,3,1,0,2,1,0,1,0,2,1,0,1,7,1,0,1,0,0,0,0,1,0,0,0.0,1,1,0.5798571660444733,0.42014283395552665,0.0,0.0,1.5847920578313253,1.2612426216867476,0.0,1.2618954216867468,0.1511302192771084,0.0,0.12401709397590364,0.0,2.3382131493975935,0.0023291855421686777,0.0,0.0,1.1509308650602408,5.742925763855423,1.1528044192771092,0.0,0.44140717590361417,0.0,0.0,0.0,0.0,0.6115885373493976,0.0,0.0
34,7,0.101010101010101,0.07474747474747476,1.9371641432072328,2.139230617113956,1,2,0,0,2,1,0,1,0,3,1,0,1,4,1,0,2,1,0,0,0,2,0,0,0.0,1,0,0.432170388619566,0.567829611380434,0.0,0.5224868674698799,0.9924927180722884,0.0,0.0,0.4190963421686741,0.24464840963855394,0.0,0.06432169879518077,0.0,3.1996015734939762,0.10523868433734941,0.0,0.0,0.1209752530120481,1.6950488240963841,0.6660810361445785,0.0,1.1933656626506015,0.784310421686747,0.0,0.0,0.0,0.8608611903614456,0.0,0.0
35,10,0.08282828282828282,0.08686868686868689,2.0883158656424947,2.035156312020065,0,3,1,0,4,1,0,0,1,0,1,0,0,1,0,0,2,1,0,5,2,0,0,0,1.0,0,0,0.573657389259114,0.426342610740886,0.0,0.0,3.658675409638553,0.5632640240963861,0.0,2.0272145277108446,0.9980496795180721,0.0,0.0,0.063232756626506,0.0,0.04929992530120505,0.0,0.0,0.0,0.0986122987951807,0.0,0.0,2.301113161445782,3.404418708433735,0.0,5.815919255421684,2.8242990289156635,0.0,0.0,0.0
36,10,0.08686868686868689,0.08282828282828282,2.035156312020065,2.0883158656424947,0,0,0,0,1,5,1,2,0,1,1,0,0,1,0,0,1,2,1,3,3,0,0,0,0.0,0,0,0.42638758231420504,0.573612417685795,0.0,0.0,0.0,0.0,0.0,0.5152459879518075,6.903178221686751,1.7885875228915669,2.440355522891566,0.0,0.8340100771084342,0.4198054048192773,0.0,0.0,0.0,0.055524173493976134,0.0,0.0,1.9564868891566256,1.1919147325301207,0.5874641349397595,5.090476214457833,1.0469888963855425,0.0,0.0,0.0
37,6,0.09696969696969697,0.06464646464646463,2.0175977932321594,2.2375371194904337,0,0,0,0,3,2,0,2,2,1,1,0,0,2,1,0,2,5,0,0,0,1,0,0,0.0,1,3,0.5903133473937933,0.40968665260620674,0.0,0.0,0.0,0.0,0.0,3.1322640433734916,0.6513327180722892,0.0,1.3215980746987974,0.9799040168674699,0.41863134216867454,0.2052761349397587,0.0,0.0,0.0,5.998304674698797,0.14829568915662655,0.0,1.2836618674698808,5.735399436144579,0.0,0.0,0.0,0.6656756963855418,0.0,0.0
38,5,0.09292929292929292,0.09090909090909088,1.978957609967543,1.9897364738540249,0,6,1,0,2,1,0,1,0,0,0,0,0,1,0,0,3,4,0,2,0,1,0,0,0.0,1,1,0.4181453708515851,0.5818546291484149,0.0,0.0,8.835863739759034,1.2545169253012052,0.0,2.297430672289157,0.7116747397590363,0.0,0.49816115421686796,0.0,0.0,0.0,0.0,0.0,0.0,0.2062269180722897,0.0,0.0,1.7482299903614456,2.1136115566265046,0.0,2.2496787542168657,0.0,0.33120875421686735,0.0,0.0
39,11,0.11111111111111112,0.09898989898989898,1.7807749776713164,1.9802663652478343,2,3,0,0,4,1,0,0,0,0,1,0,0,1,0,0,3,1,1,4,1,0,0,0,1.0,1,0,0.5850585721653282,0.4149414278346718,0.0,0.9143674987951806,0.6778987445783136,0.0,0.0,2.144080857831325,0.2607473855421686,0.0,0.0,0.0,0.0,0.017292997590361386,0.0,0.0,0.0,0.2789218409638554,0.0,0.0,7.265239257831328,2.5614938024096405,2.0545746939759026,7.472975016867473,0.7573887975903616,0.0,0.0,0.0
40,7,0.026262626262626265,0.06464646464646465,1.3997666690510309,1.821453526388538,2,4,0,0,3,0,0,0,0,1,1,0,3,6,0,0,1,0,0,0,0,1,0,0,0.0,0,1,0.4343211283658641,0.5656788716341359,0.0,1.0719941927710848,1.492946349397591,0.0,0.0,1.1780624891566254,0.0,0.0,0.0,0.0,0.130364371084337,0.035361383132530025,0.0,0.0,0.48175153734939713,2.8672263903614468,0.0,0.0,0.22599748915662635,0.0,0.0,0.0,0.0,0.3068914337349402,0.0,0.0
41,7,0.06464646464646465,0.06666666666666667,1.816398154322819,1.794536202164065,3,1,0,0,3,0,0,0,0,3,1,0,4,3,0,0,0,1,0,0,0,3,0,0,0.0,1,0,0.5661733314358901,0.4338266685641099,0.0,4.128535554216867,0.1938585759036144,0.0,0.0,1.0870609012048194,0.0,0.0,0.0,0.0,2.890844262650603,0.01772817108433735,0.0,0.0,1.7545572433734946,4.52875155180723,0.0,0.0,0.0,0.5028000939759036,0.0,0.0,0.0,1.5239801493975897,0.0,0.0
42,7,0.10505050505050505,0.07676767676767676,1.8843466768443158,2.1577320907090183,0,0,0,1,0,0,4,1,2,1,2,0,0,1,0,0,2,0,3,3,1,0,1,0,0.0,0,0,0.4795945062132112,0.5204054937867888,0.0,0.0,0.0,0.0,0.6321571084337345,0.0,0.0,1.4527411951807236,0.13919844578313278,1.0105141445783132,0.21437416626506042,0.40048019277108426,0.0,0.0,0.0,0.09690368674698824,0.0,0.0,1.5046299975903614,0.0,2.9285515951807217,4.3523623012048205,1.2595522987951813,0.0,0.4280763903614459,0.0
43,6,0.08282828282828282,0.08888888888888889,1.6204194270459567,1.558041096565763,0,0,0,0,0,0,5,2,2,1,1,0,0,1,0,0,2,0,5,1,0,2,0,0,0.0,1,3,0.5426593488836223,0.45734065111637767,0.0,0.0,0.0,0.0,0.0,0.0,0.0,1.764975990361446,0.49693069156626557,0.4381380578313254,0.5489537855421688,0.2304000433734941,0.0,0.0,0.0,0.23107142891566274,0.0,0.0,0.4504477807228918,0.0,2.4355365975903602,0.17467081445783128,0.0,0.18699207469879497,0.0,0.0
44,7,0.08686868686868686,0.07474747474747474,2.0058578213924103,2.153445094412106,0,0,0,0,4,2,1,1,2,0,1,0,0,1,0,1,0,0,1,3,1,0,3,1,0.0,0,1,0.5059057353776264,0.49409426462237366,0.0,0.0,0.0,0.0,0.0,4.191823684337348,6.28003951807229,1.0335823301204825,0.9637432554216876,2.464281614457833,0.0,0.18252169156626546,0.0,0.0,0.0,0.5669355397590353,0.0,2.010848139759036,0.0,0.0,2.3229537686746977,7.049607968674701,1.0063895421686755,0.0,2.7419643831325313,0.9421519734939781
45,10,0.09696969696969697,0.10707070707070708,1.9284831706146919,1.9121118292085462,0,0,2,0,3,3,0,1,1,0,1,0,0,2,3,0,3,3,0,0,0,0,0,0,1.0,0,0,0.49929747653571627,0.5007025234642837,0.0,0.0,0.0,2.955179349397591,0.0,4.43120263373494,4.360624286746989,0.0,1.4893282987951804,1.2566963927710852,0.0,0.27019917831325385,0.0,0.0,0.0,0.8588850361445783,0.8590432915662656,0.0,3.384360065060241,4.84574475180723,0.0,0.0,0.0,0.0,0.0,0.0
46,10,0.10707070707070708,0.09696969696969697,1.9121118292085462,1.9284831706146919,0,0,0,0,5,2,0,1,1,1,1,0,0,2,2,0,3,3,0,1,0,0,0,0,0.0,0,0,0.5007305833426998,0.49926941665730024,0.0,0.0,0.0,0.0,0.0,2.0462886650602403,0.4026058265060244,0.0,0.11523651325301205,0.13189063373493984,0.18302624096385542,0.0745006481927711,0.0,0.0,0.0,3.320575937349398,4.617871272289156,0.0,4.560160337349398,5.4106117518072265,0.0,1.0397540024096392,0.0,0.0,0.0,0.0
47,6,0.08484848484848485,0.09696969696969694,2.056185468140656,1.9664068044060663,0,2,1,0,1,1,1,0,1,3,1,0,0,2,0,0,7,1,0,0,0,1,0,0,0.0,2,2,0.517700552127314,0.48229944787268597,0.0,0.0,0.6483245421686752,0.023659048192771055,0.0,0.4582991132530122,0.2310861108433735,0.0887762602409638,0.0,0.14181974457831337,2.1452250578313254,0.030090896385542097,0.0,0.0,0.0,0.19097419518072303,0.0,0.0,2.4199152795180723,0.29376838554216816,0.0,0.0,0.0,0.0368122048192772,0.0,0.0
48,6,0.030303030303030307,0.06262626262626263,1.342083084898749,1.4390071508133766,2,2,0,0,1,1,0,1,0,3,1,0,0,4,2,0,1,0,0,0,0,4,0,0,0.0,1,1,0.4844482777208776,0.5155517222791224,0.0,2.18359331566265,3.038336631325301,0.0,0.0,0.4751088795180728,0.24620366024096413,0.0,0.10747893975903612,0.0,2.154369686746989,0.23621658795180722,0.0,0.0,0.0,0.6994235204819275,1.3787560120481936,0.0,0.4399781927710844,0.0,0.0,0.0,0.0,0.9762292337349402,0.0,0.0
49,6,0.06262626262626263,0.07474747474747476,1.4390071508133766,1.7044412227772008,0,2,1,0,1,5,0,0,1,0,1,0,2,6,1,0,2,0,0,0,0,0,0,0,0.0,1,1,0.5156300528187991,0.48436994718120086,0.0,0.0,1.6610277903614454,1.65916833253012,0.0,0.22399605542168677,1.862460773493975,0.0,0.0,0.8810519421686744,0.0,0.15025160963855447,0.0,0.0,1.2087316771084338,3.6045767927710837,0.4866356457831322,0.0,0.6947118072289156,0.0,0.0,0.0,0.0,0.0,0.0,0.0
50,12,0.1070707070707071,0.07474747474747477,1.9442289753890236,2.135510923668056,0,5,2,0,2,1,0,1,0,0,0,0,0,4,2,0,1,4,0,0,0,0,0,0,0.0,0,0,0.5172570390554041,0.48274296094459584,0.0,0.0,4.062599407228916,1.4833950433734941,0.0,0.13417334457831337,0.22942533975903612,0.0,0.1129860722891569,0.0,0.0,0.0,0.0,0.0,0.0,2.626532804819277,0.6423113493975905,0.0,0.9375440168674692,2.09947708192771,0.0,0.0,0.0,0.0,0.0,0.0
51,5,0.07878787878787878,0.0808080808080808,2.1235615209579555,2.0708210381003527,0,4,2,0,1,3,0,1,0,0,0,0,0,9,1,0,1,0,0,0,0,0,0,0,0.0,0,0,0.5018224230937455,0.4981775769062545,0.0,0.0,2.0363712,0.9183093253012051,0.0,0.08420193253012029,1.2805701469879514,0.0,0.04440122891566264,0.0,0.0,0.0,0.0,0.0,0.0,5.138365612048194,0.13062899999999994,0.0,0.7127613903614458,0.0,0.0,0.0,0.0,0.0,0.0,0.0
52,6,0.0808080808080808,0.07878787878787878,2.0708210381003527,2.1235615209579555,0,0,1,0,2,6,0,0,1,0,1,0,0,1,5,0,3,2,0,0,0,0,0,0,0.0,0,0,0.4982019632617358,0.5017980367382642,0.0,0.0,0.0,0.2975218120481927,0.0,0.27558175662650675,2.9956264192771087,0.0,0.0,0.047077127710843464,0.0,0.014492761445783086,0.0,0.0,0.0,0.30333793012048194,1.8912872746987948,0.0,0.8504459783132527,1.5153042795180722,0.0,0.0,0.0,0.0,0.0,0.0
53,2,0.10505050505050506,0.08484848484848484,1.8996611522838323,2.0088752977573665,0,0,0,0,2,1,0,4,1,2,1,0,0,1,0,2,1,0,2,2,1,0,1,1,0.0,1,1,0.5311442422025062,0.4688557577974938,0.0,0.0,0.0,0.0,0.0,4.02130794939759,0.8857515686746985,0.0,1.8672755927710842,0.7970308120481928,3.217469927710841,0.0450174939759035,0.0,0.0,0.0,0.07229017590361428,0.0,3.3841355204819283,1.0648665903614458,0.0,5.212684677108438,2.5160833228915678,1.9492684987951812,0.0,0.7446503277108433,1.6693866795180725
54,3,0.09090909090909091,0.04646464646464646,1.3808427458707955,1.5897078793948225,0,2,1,0,3,3,0,0,0,1,1,0,0,1,0,0,2,0,4,3,1,0,0,0,0.0,1,0,0.4709847863715041,0.5290152136284959,0.0,0.0,1.9274903493975895,1.4740565349397579,0.0,3.2566547277108433,3.1453476216867466,0.0,0.0,0.0,1.3575161349397595,0.03439296144578355,0.0,0.0,0.0,0.31465027228915693,0.0,0.0,1.8185584626506013,0.0,1.2286421566265062,1.629620154216868,0.9249780506024099,0.0,0.0,0.0
55,6,0.030303030303030307,0.052525252525252523,1.3895615587130459,1.3975749960262516,0,2,2,0,2,3,0,0,0,1,1,0,0,2,1,0,4,1,0,2,0,1,0,0,0.0,0,0,0.5359274718369912,0.4640725281630088,0.0,0.0,2.1482296698795187,1.1780749590361448,0.0,0.9466814746987953,0.8755666265060237,0.0,0.0,0.0,0.23737364096385563,0.010580110843373517,0.0,0.0,0.0,1.0365790626506035,1.419759954216867,0.0,6.75728911807229,1.1603115975903617,0.0,0.46911057108433724,0.0,0.657873093975904,0.0,0.0
56,6,0.0585858585858586,0.0686868686868687,1.4918088499473028,1.2477664976661018,0,2,3,0,3,2,0,0,0,0,1,0,0,5,4,0,1,1,0,0,0,0,0,0,0.0,0,0,0.46608540129666887,0.5339145987033311,0.0,0.0,1.579683130120483,1.390109508433736,0.0,0.9593161373493978,0.09394433493975897,0.0,0.0,0.0,0.0,0.07743010843373518,0.0,0.0,0.0,1.4888706722891558,1.8771840144578316,0.0,0.2309395445783134,1.9712346361445778,0.0,0.0,0.0,0.0,0.0,0.0
57,6,0.0686868686868687,0.0585858585858586,1.2477664976661018,1.4918088499473028,0,2,3,0,2,3,0,0,0,0,1,0,0,6,3,0,1,1,0,0,0,0,0,0,0.0,0,0,0.5339354377179648,0.4660645622820352,0.0,0.0,0.5851939518072296,1.4093848771084336,0.0,0.39590365301204844,0.5113368361445785,0.0,0.0,0.0,0.0,0.15155004578313258,0.0,0.0,0.0,1.4108648602409644,1.1660980265060243,0.0,0.28836060722891554,1.0618924987951814,0.0,0.0,0.0,0.0,0.0,0.0
58,6,0.08484848484848485,0.0787878787878788,2.037305201235717,2.0962813731862235,0,6,0,0,3,0,0,1,0,0,0,0,0,5,4,0,1,1,0,0,0,0,0,0,0.0,1,1,0.49564997043669223,0.5043500295633078,0.6277172024096386,0.0,5.451399339759038,0.0,0.0,1.9744597807228914,0.0,0.0,0.01167764096385537,0.0,0.0,0.0,0.0,0.0,0.0,1.3028149373493976,0.673468474698796,0.0,0.5067876144578314,0.5130506240963858,0.0,0.0,0.0,0.0,0.0,0.0
59,12,0.09090909090909093,0.08484848484848484,2.039249060233804,2.0893809950273767,1,6,0,0,3,0,0,1,0,0,0,0,0,9,0,0,2,0,0,0,0,0,0,0,0.0,0,1,0.5072841009278307,0.4927158990721693,0.0,0.6816103228915661,7.822401050602411,0.0,0.0,1.4534275662650602,0.0,0.0,0.010637125301204654,0.0,0.0,0.0,0.0,0.0,0.0,7.414989108433735,0.0,0.0,1.8223374289156622,0.0,0.0,0.0,0.0,0.0,0.0,0.0
60,12,0.08888888888888888,0.08686868686868687,2.02838308386993,2.058348022348258,0,0,0,0,3,2,0,5,0,0,1,0,0,1,0,0,4,2,0,2,1,1,0,0,0.0,1,0,0.4931414908343471,0.5068585091656529,0.0,0.0,0.0,0.0,0.0,1.7519420024096388,5.285206734939763,0.0,2.940546506024095,0.0,0.0,0.10595342168674672,0.0,0.0,0.0,0.07227003614457866,0.0,0.0,6.792973453012052,1.735576127710843,0.0,0.6616785397590365,1.4120876891566287,0.7682576240963852,0.0,0.0
61,9,0.07474747474747476,0.11313131313131311,1.6484659798533094,1.4805230581666444,0,2,1,0,1,4,0,1,0,1,1,0,0,2,0,0,4,3,0,2,0,0,0,0,0.0,0,1,0.5120574440708919,0.48794255592910807,0.0,0.0,0.21236720963855424,0.1716031373493976,0.0,0.31561298313253,1.4368747228915666,0.0,0.007336807228915664,0.0,0.04540816626506031,0.003916286746987945,0.0,0.0,0.0,0.5233705879518075,0.0,0.0,3.219367677108434,1.6681301566265054,0.0,0.664984373493976,0.0,0.0,0.0,0.0
62,6,0.09494949494949495,0.09292929292929294,1.8844253052257016,1.981220926874511,0,3,2,0,2,3,0,0,0,0,1,0,0,4,1,0,2,4,0,0,0,0,0,0,0.0,1,1,0.488875999502838,0.511124000497162,0.0,0.0,0.6019818650602409,0.6057369975903613,0.0,0.36685945301204836,2.759992959036146,0.0,0.0,0.0,0.0,0.035867414457831155,0.0,0.0,0.0,0.3634361638554217,0.046577313253012065,0.0,0.3181949277108433,1.4416581759036153,0.0,0.0,0.0,0.0,0.0,0.0
63,6,0.13737373737373737,0.10505050505050505,1.8009314786596682,1.8110420961611007,0,4,0,0,4,2,0,1,0,0,0,0,0,6,2,0,0,3,0,0,0,0,0,0,0.0,0,0,0.5144432556991194,0.4855567443008806,0.0,0.0,2.0387289469879515,0.0,0.0,1.625989337349396,2.7619409566265074,0.0,0.196955638554217,0.0,0.0,0.0,0.0,0.0,0.0,1.466125236144579,0.5165311228915659,0.0,0.0,2.3600114024096404,0.0,0.0,0.0,0.0,0.0,0.0
64,6,0.10505050505050505,0.13737373737373737,1.8110420961611007,1.8009314786596677,0,4,0,0,4,1,0,2,0,0,0,0,0,9,1,0,1,0,0,0,0,0,0,0,0.0,0,0,0.4855779121919105,0.5144220878080895,0.0,0.0,3.7385912963855428,0.0,0.0,4.622587062650605,0.7341080963855428,0.0,0.4738611180722894,0.0,0.0,0.0,0.0,0.0,0.0,6.337727877108435,0.27275830843373483,0.0,0.5049777397590365,0.0,0.0,0.0,0.0,0.0,0.0,0.0
65,2,0.060606060606060594,0.07474747474747474,1.4426812219576612,2.0757035745246006,0,3,0,0,4,1,0,2,0,1,0,0,0,7,1,0,3,0,0,0,0,0,0,0,1.0,1,1,0.5399578980196476,0.46004210198035245,0.0,0.0,2.5095140168674703,0.0,0.0,4.568734821686749,0.28261513734939747,0.0,0.8857685204819286,0.0,1.3228731397590368,0.0,0.0,0.0,0.0,5.471894949397591,0.48859299036144577,0.0,3.7472717638554234,0.0,0.0,0.0,0.0,0.0,0.0,0.0
66,3,0.05858585858585859,0.07676767676767679,1.8046753365873018,1.6967315591681804,0,1,1,0,4,1,0,1,1,1,1,0,0,4,1,0,4,1,0,0,0,1,0,0,0.0,1,1,0.4610086388045762,0.5389913611954238,0.0,0.0,0.35760795903614456,1.320857609638554,0.0,3.882270925301206,1.1536934602409632,0.0,0.10519400963855406,0.31325147710843426,0.26158779759036144,0.016169110843373562,0.0,0.0,0.0,3.2961558650602405,0.4313221228915669,0.0,3.6828813542168692,0.7665754265060241,0.0,0.0,0.0,1.573210033734939,0.0,0.0
67,10,0.054545454545454536,0.040404040404040414,1.5053486909453269,1.5775038465043139,1,2,0,0,3,2,0,1,0,1,1,0,0,4,1,0,2,4,0,0,0,0,0,0,1.0,1,1,0.5408673410068596,0.4591326589931404,0.0,3.461506662650605,0.2883270506024096,0.0,0.0,0.34214192530120446,0.15005953734939764,0.0,0.07677864578313245,0.0,1.3381848000000005,0.06367924337349408,0.0,0.0,0.0,1.2318134891566266,0.5242037277108437,0.0,2.8523572048192776,3.254353004819277,0.0,0.0,0.0,0.0,0.0,0.0
68,1,0.07676767676767678,0.07070707070707072,1.664994934096101,1.7675864589657508,3,3,0,0,2,1,0,1,0,1,0,0,3,5,1,0,2,0,0,0,0,0,0,0,1.0,1,1,0.4605334364128334,0.5394665635871666,0.0,2.360334896385542,0.41543765783132536,0.0,0.0,0.9917231493975913,0.24102626746987957,0.0,0.0731852674698799,0.0,0.246648527710843,0.0,0.0,0.0,0.2305717734939759,2.213463332530121,1.8505527469879501,0.0,0.13713086746987946,0.0,0.0,0.0,0.0,0.0,0.0,0.0
69,2,0.0888888888888889,0.09494949494949494,2.0218971630104736,1.8880045254254332,1,7,0,0,2,0,0,1,0,0,0,0,2,6,0,0,2,1,0,0,0,0,0,0,0.0,0,0,0.5415929203539823,0.4584070796460177,0.0,0.08223672289156671,2.2504549879518065,0.0,0.0,0.26448261686746977,0.0,0.0,0.08417860481927722,0.0,0.0,0.0,0.0,0.0,0.3593304506024098,3.109895515662651,0.0,0.0,0.2964516072289156,0.5244260602409634,0.0,0.0,0.0,0.0,0.0,0.0
70,9,0.08686868686868687,0.07272727272727274,1.5642537234689657,1.652863052717757,1,7,0,0,2,0,0,1,0,0,0,0,1,9,0,0,1,0,0,0,0,0,0,0,0.0,1,1,0.48053290032106877,0.5194670996789312,0.0,0.5718822072289159,3.2752696265060246,0.0,0.0,0.36656728192771076,0.0,0.0,0.10825414698795173,0.0,0.0,0.0,0.0,0.0,0.48818468674698795,3.2376825108433747,0.0,0.0,0.5675055397590364,0.0,0.0,0.0,0.0,0.0,0.0,0.0
71,3,0.09494949494949495,0.09696969696969697,1.964899461568632,1.933121780200093,0,0,0,0,2,1,1,4,1,1,1,0,0,1,0,0,4,0,2,3,1,0,0,0,0.0,0,0,0.527351265018694,0.472648734981306,0.0,0.0,0.0,0.0,0.0,2.1522559012048195,0.1929024433734942,0.269778426506024,1.7531500626506016,0.17959239036144584,1.4616373156626519,0.026657580722891656,0.0,0.0,0.0,0.024123130120482065,0.0,0.0,1.1558045204819278,0.0,1.6692922481927719,1.3537063012048187,1.3264759012048188,0.0,0.0,0.0
72,9,0.0888888888888889,0.07676767676767676,2.0008089478084954,2.1541803887247086,0,4,2,0,2,2,0,0,0,0,1,0,0,1,0,0,2,2,1,1,4,0,0,0,0.0,1,2,0.48785560686713436,0.5121443931328656,0.0,0.0,3.1242568481927724,1.3196692843373492,0.0,0.762985344578313,0.24582928192771072,0.0,0.0,0.0,0.0,0.11536173975903569,0.0,0.0,0.0,0.422784751807229,0.0,0.0,6.162276650602407,3.517180597590362,1.1706587132530126,0.16180287469879498,6.416866077108435,0.0,0.0,0.0
73,6,0.0707070707070707,0.09292929292929294,2.1811976659784085,2.0109486651849537,0,6,1,0,1,2,0,1,0,0,0,0,0,7,2,0,1,1,0,0,0,0,0,0,0.0,1,1,0.5245473597416429,0.4754526402583571,0.0,0.0,3.3869495710843363,0.9338446626506023,0.0,0.13466606746987944,0.5039166939759039,0.0,0.11440735662650628,0.0,0.0,0.0,0.0,0.0,0.0,2.44349084819277,1.823089431325303,0.0,0.17080515180722877,1.033681344578312,0.0,0.0,0.0,0.0,0.0,0.0
74,6,0.08080808080808081,0.101010101010101,2.1175301925376613,1.883707663686553,0,6,1,0,1,2,0,1,0,0,0,0,0,9,0,0,1,1,0,0,0,0,0,0,0.0,1,0,0.476477849403374,0.523522150596626,0.0,0.0,4.782926833734939,1.0481590265060248,0.0,0.1516479180722892,0.8028580987951807,0.0,0.11143341686746963,0.0,0.0,0.0,0.0,0.0,0.0,5.572522662650602,0.0,0.0,1.0458577807228924,0.22909040240963843,0.0,0.0,0.0,0.0,0.0,0.0
75,6,0.03636363636363637,0.05858585858585858,1.6744507005467602,1.486276848872012,0,0,0,0,1,2,0,4,3,0,1,0,0,0,1,0,3,2,1,2,2,0,0,0,0.0,0,0,0.5351420064898137,0.4648579935101863,0.0,0.0,0.0,0.0,0.0,0.4186322891566273,0.6653334216867466,0.0,5.139457040963853,2.0520779566265066,0.0,0.04550041445783135,0.0,0.0,0.0,0.0,0.012233465060241108,0.0,1.9901601542168674,1.4206370963855421,0.8899872361445792,0.8885397975903611,0.5464197903614454,0.0,0.0,0.0
76,6,0.05858585858585858,0.03636363636363637,1.486276848872012,1.6744507005467602,0,0,0,0,1,0,0,6,3,0,1,0,0,1,0,0,2,1,1,5,1,0,0,0,0.0,0,0,0.46487589482839364,0.5351241051716064,0.0,0.0,0.0,0.0,0.0,0.24608097831325337,0.0,0.0,3.0086764626506013,0.32148448192771073,0.0,0.03792130120481893,0.0,0.0,0.0,0.03766303373494,0.0,0.0,0.9516080530120482,0.10364574939758985,0.05238475662650606,1.5153470313253017,1.0155133879518075,0.0,0.0,0.0
77,6,0.0707070707070707,0.07272727272727274,1.287703792075141,1.684625175005442,0,0,0,0,0,0,0,1,0,0,10,0,0,1,0,1,1,0,0,1,1,0,6,0,0.0,1,0,0.5594128463635787,0.4405871536364213,0.0,0.0,0.0,0.0,0.0,0.0,0.0,0.0,0.3078256409638558,0.0,0.0,9.601350592771087,0.0,0.0,0.0,0.18952895421686722,0.0,0.24552480722891548,1.467681910843373,0.0,0.0,0.3916813590361441,0.7059404602409641,0.0,6.906104848192769,0.0
78,8,0.07878787878787881,0.1393939393939394,2.1133527425858,1.6175036474832718,0,0,0,0,0,0,1,0,2,0,5,3,0,1,0,0,1,0,2,2,0,0,5,0,0.0,1,1,0.4471078523531993,0.5528921476468007,0.0,0.0,0.0,0.0,0.0,0.0,0.0,0.4081110506024102,0.0,8.429876819277105,0.0,6.502568768674701,9.346413563855425,0.0,0.0,0.15829788433734948,0.0,0.0,0.7586413662650607,0.0,4.936986701204821,2.420751845783133,0.0,0.0,4.5342136843373515,0.0
79,1,0.0686868686868687,0.11111111111111115,1.781654648741339,1.8120117265408817,0,1,1,0,4,0,0,1,2,1,1,0,0,1,0,0,1,3,1,1,2,0,2,0,0.0,1,1,0.5636124533610618,0.4363875466389382,0.0,0.0,1.1516088144578316,0.32108590843373536,0.0,3.0974453132530133,0.0,0.0,0.21802959036144595,0.754357373493977,0.8550160843373503,0.15269955903614466,0.0,0.0,0.0,0.20817563855421742,0.0,0.0,1.7441303638554206,6.828621983132531,2.446421906024097,4.307225877108435,2.6784690722891566,0.0,6.093073098795179,0.0
80,1,0.101010101010101,0.050505050505050504,1.9141788377775109,1.554339186420277,0,0,0,0,3,1,1,1,3,0,0,2,0,1,0,0,4,2,0,3,0,1,0,0,0.0,1,1,0.4376087155543349,0.5623912844456651,0.0,0.0,0.0,0.0,0.0,0.8903269445783131,0.5276006963855421,0.7842988048192775,0.12427667710843389,0.9122812265060243,0.0,0.0,0.33254744096385547,0.0,0.0,0.5093734987951808,0.0,0.0,10.406725084337348,1.4177413590361456,0.0,1.3871600891566267,0.0,0.6262528409638558,0.0,0.0
81,1,0.06868686868686869,0.10101010101010101,1.7895413911449294,1.9708963660850394,0,0,0,0,1,0,1,3,0,0,4,2,0,1,0,0,3,0,1,3,0,0,2,1,0.0,1,0,0.5627648870323505,0.4372351129676495,0.0,0.0,0.0,0.0,0.0,0.18758703614457817,0.0,0.42678746746987994,1.3206848457831326,0.0,0.0,4.270845202409636,1.4814022698795193,0.0,0.0,0.3197226795180714,0.0,0.0,5.216522313253009,0.0,1.2028397204819283,5.04376692289157,0.0,0.0,0.6757401036144577,0.39483699036144626
82,10,0.09898989898989898,0.08888888888888889,1.9262294378398976,2.006630613350421,1,0,1,0,3,1,0,1,2,1,1,0,0,1,0,0,3,0,1,3,0,0,2,1,0.0,0,0,0.44421692914571353,0.5557830708542865,0.0,0.963651419277109,0.0,0.5276483855421686,0.0,4.917992812048195,0.9716895614457836,0.0,0.36039808915662674,0.5995973710843377,0.6528140240963857,0.04192430602409639,0.0,0.0,0.0,0.3191034795180726,0.0,0.0,2.4809855855421667,0.0,1.0732763204819284,2.8933569469879505,0.0,0.0,0.39116879999999976,0.4281915542168675
83,10,0.08888888888888889,0.09898989898989898,2.006630613350421,1.9262294378398976,0,0,0,0,0,0,5,2,2,1,1,0,0,1,0,0,2,1,1,3,3,0,0,0,0.0,0,0,0.5557964468533574,0.4442035531466426,0.0,0.0,0.0,0.0,0.0,0.0,0.0,5.5761633542168685,0.20139277590361426,1.2904965325301214,0.3026572048192773,0.12811715421686753,0.0,0.0,0.0,0.05194202891566283,0.0,0.0,3.2665300915662647,1.9324609301204823,0.5516620120481937,2.626187862650601,1.4260715493975917,0.0,0.0,0.0
84,4,0.06464646464646465,0.07878787878787878,1.8312975714105078,1.6668397152398406,1,1,3,0,1,2,0,1,0,1,1,0,0,1,0,0,1,0,3,3,2,1,0,0,0.0,0,0,0.46048170232666896,0.539518297673331,0.0,1.7592069108433728,1.075265414457831,3.4352513927710824,0.0,0.1939998361445782,0.7011796626506022,0.0,0.26621496867469874,0.0,1.025259318072289,0.12426579759036158,0.0,0.0,0.0,0.12786159759036173,0.0,0.0,2.2845846795180726,0.0,1.607578012048193,2.691000195180722,0.6139056144578309,0.1198172674698796,0.0,0.0
85,7,0.05252525252525253,0.050505050505050504,1.5339869809352864,1.5236776694354675,1,6,0,0,3,0,0,1,0,0,0,0,1,6,2,0,1,1,0,0,0,0,0,0,0.0,1,1,0.5449714054647334,0.45502859453526656,0.0,0.6295525373493975,2.6664406409638555,0.0,0.0,0.18037783373493976,0.0,0.0,0.00038446265060241934,0.0,0.0,0.0,0.0,0.0,0.30060840722891574,2.9146791614457817,0.9549356168674699,0.0,1.500012130120483,0.6078355734939758,0.0,0.0,0.0,0.0,0.0,0.0
86,7,0.05454545454545456,0.0707070707070707,1.4557321083640125,1.2591821137344166,0,6,0,0,3,0,0,1,0,0,0,0,0,9,0,0,2,0,0,0,0,0,0,0,0.0,0,0,0.45645723504162705,0.543542764958373,4.275660484337351,0.0,3.8358261108433744,0.0,0.0,1.2066554385542165,0.0,0.0,0.1296873686746989,0.0,0.0,0.0,0.0,0.0,0.0,1.6721250795180718,0.0,0.0,0.6283746361445783,0.0,0.0,0.0,0.0,0.0,0.0,0.0
87,7,0.0707070707070707,0.05454545454545456,1.2591821137344166,1.4557321083640125,1,4,1,0,2,0,0,1,0,2,0,0,0,8,0,0,2,0,0,0,0,0,0,0,0.0,0,0,0.5435559140404448,0.4564440859595552,0.0,0.5489483855421685,3.0909454626506037,3.035662416867469,0.0,0.3634050578313256,0.0,0.0,0.0749265686746987,0.0,0.36665641445783076,0.0,0.0,0.5674509759036148,0.0,4.708557889156626,0.0,0.0,5.940198043373497,0.0,0.0,0.0,0.0,0.0,0.0,0.0
88,4,0.08282828282828283,0.06464646464646463,1.658245134975633,1.8384687588344328,0,2,0,0,2,2,0,0,1,3,1,0,0,7,1,0,2,0,0,0,0,1,0,0,0.0,1,1,0.4688977707723486,0.5311022292276514,0.0,0.0,1.2574921084337354,0.0,0.0,1.5864055084337356,0.4817066457831326,0.0,0.0,0.17367879759036148,8.143221159036145,0.06606493734939756,0.0,0.0,0.0,2.1661113759036166,3.7641552939759038,0.0,0.5796130554216872,0.0,0.0,0.0,0.0,1.3276025927710844,0.0,0.0
89,6,0.10505050505050506,0.08484848484848485,1.8504347330282094,2.0652007831532755,0,2,2,0,2,1,0,1,1,1,1,0,2,4,0,0,2,1,0,0,0,2,0,0,0.0,1,1,0.5412386748547352,0.4587613251452648,0.0,0.0,2.2004404771084354,2.1529012554216864,0.0,1.5765796626506035,0.19608763373493948,0.0,0.3570821060240962,0.0013244024096386196,0.7488172554216872,0.08622922409638542,0.0,0.0,1.77148418313253,6.799242693975908,0.0,0.0,0.4367279060240965,0.47838296385542145,0.0,0.0,0.0,1.4753712,0.0,0.0
90,3,0.10303030303030303,0.0888888888888889,1.8071416624836352,2.04625223125042,0,3,1,0,1,2,0,2,1,0,1,0,0,1,0,0,1,4,1,2,2,0,0,0,1.0,2,1,0.4614014414513168,0.5385985585486832,0.0,0.0,6.787773065060241,0.8152284867469878,0.0,2.737396633734941,1.9472646506024105,0.0,1.6762224216867458,0.21078639759036089,0.0,0.0733937493975905,0.0,0.0,0.0,6.13807228915745e-05,0.0,0.0,0.1487023373493971,3.012235322891567,2.3202237253012066,2.2743683855421692,2.753498522891567,0.0,0.0,0.0
91,6,0.10505050505050506,0.08686868686868687,1.4331815733342355,1.596019300428435,2,3,1,0,3,0,0,0,0,1,1,0,0,7,0,0,2,1,0,1,0,0,0,0,0.0,1,1,0.5393307614435415,0.46066923855645847,0.0,1.5305265469879523,1.3844271180722894,1.1802839204819278,0.0,0.7509913445783135,0.0,0.0,0.0,0.0,0.8381309710843384,0.06384996867469879,0.0,0.0,0.0,6.868753380722895,0.0,0.0,2.7173674698795205,1.6244860698795192,0.0,1.5573291831325302,0.0,0.0,0.0,0.0
92,5,0.10303030303030304,0.16565656565656564,1.9420034377060076,1.6423042022059895,0,3,1,0,2,2,0,1,1,0,1,0,0,1,0,0,2,3,0,1,3,1,0,0,0.0,1,0,0.4617149098853086,0.5382850901146914,0.0,0.0,1.7257936771084346,0.9674039277108439,0.0,0.7898707662650603,1.4450491590361447,0.0,0.1755156216867469,0.06109193493975908,0.0,0.07796530120481926,0.0,0.0,0.0,0.06673322168674711,0.0,0.0,3.0601987084337363,3.5668535132530117,0.0,0.19289063132530146,4.064999465060242,1.2591155132530119,0.0,0.0
93,5,0.07272727272727274,0.0686868686868687,2.192977665876297,2.2153359883574892,0,0,0,0,1,1,0,5,3,0,1,0,0,1,0,0,3,1,1,2,3,0,0,0,0.0,0,0,0.5481319151210647,0.45186808487893526,0.0,0.0,0.0,0.0,0.0,0.2317618915662652,0.3566080554216869,0.0,1.3938290963855424,3.087904669879518,0.0,0.07945048915662627,0.0,0.0,0.0,0.01374398313253009,0.0,0.0,1.387041607228915,0.08598915903614465,0.2195357204819275,0.5864317373493981,0.8237007469879516,0.0,0.0,0.0
94,5,0.07474747474747477,0.07272727272727274,2.1742215309400184,2.192977665876297,0,0,1,0,3,1,1,0,1,3,1,0,0,1,0,0,3,0,0,3,2,2,0,0,0.0,0,0,0.45188273337074747,0.5481172666292525,0.0,0.0,0.0,0.7541136289156622,0.0,3.423239595180724,1.037341496385542,0.430729532530121,0.0,0.16673596626506038,4.237424696385543,0.060532077108433814,0.0,0.0,0.0,0.1841323807228913,0.0,0.0,6.54245771566265,0.0,0.0,3.424149795180723,0.5651219710843371,1.0593329277108432,0.0,0.0
95,10,0.06464646464646465,0.06666666666666667,1.8592023214703248,1.729444910800951,0,3,3,0,1,2,0,0,0,1,1,0,0,2,1,0,4,1,0,0,0,3,0,0,1.0,0,1,0.5554708449445291,0.44452915505547086,0.0,0.0,3.058864995180724,4.8591531831325305,0.0,1.8148997566265055,4.151439426506025,0.0,0.0,0.0,0.8278879084337355,0.1197316048192772,0.0,0.0,0.0,0.5605849373493971,0.6806822530120478,0.0,3.020722395180722,0.8358076554216862,0.0,0.0,0.0,3.589108915662651,0.0,0.0
96,10,0.10303030303030303,0.08282828282828283,1.8887398344493846,2.12365417301763,0,1,0,0,3,2,0,2,0,2,1,0,0,5,4,0,1,1,0,0,0,0,0,0,0.0,1,0,0.4447918856422115,0.5552081143577885,0.0,0.0,0.4662032385542169,0.0,0.0,3.564581587951806,7.232355318072292,0.0,5.005779007228914,0.0,3.546849390361446,0.3670181927710843,0.0,0.0,0.0,8.479125860240963,5.597361281927709,0.0,0.9873193662650606,0.938294754216868,0.0,0.0,0.0,0.0,0.0,0.0
97,2,0.08282828282828282,0.06262626262626264,2.0948348221740667,2.2572811400403947,0,1,1,0,2,2,0,1,1,2,1,0,0,1,0,0,3,2,1,2,0,0,2,0,0.0,0,1,0.5605088926392314,0.4394911073607686,0.0,0.0,0.3932071734939761,0.14304367951807223,0.0,1.4244001590361448,0.5462132602409636,0.0,0.22054910602409647,0.48630881927710873,3.768878559036143,0.03487303373493951,0.0,0.0,0.0,0.20494314216867446,0.0,0.0,4.154715057831326,1.6436542915662662,0.2899738771084338,0.8333999638554224,0.0,0.0,0.8779605325301196,0.0
98,3,0.0707070707070707,0.09696969696969694,2.1963135703505223,1.9620763434065873,0,1,1,0,1,2,0,2,0,3,1,0,0,3,1,0,2,2,0,1,0,2,0,0,0.0,1,0,0.44015974689453075,0.5598402531054693,0.0,0.0,0.31947103373493996,0.08131848433734928,0.0,0.32330818554216856,2.045291327710842,0.0,0.29061271807228894,0.0,2.433208272289155,0.09680253253012053,0.0,0.0,0.0,0.4626635927710847,4.020837607228919,0.0,0.6626770192771083,1.1411257807228914,0.0,0.26055727951807195,0.0,0.7567912337349394,0.0,0.0
99,3,0.09292929292929292,0.11313131313131314,1.9825498234490404,1.8801336758659533,0,2,2,0,2,3,0,0,0,1,1,0,0,3,1,0,2,1,0,0,0,4,0,0,0.0,0,1,0.5929052838606002,0.40709471613939985,0.0,0.0,2.0029705012048193,3.915387383132531,0.0,0.24977361686747002,1.8401289759036148,0.0,0.0,0.0,1.5603877590361441,0.012992493975903584,0.0,0.0,0.0,0.3884722120481928,1.9403777855421678,0.0,0.6818038409638558,0.1101428024096382,0.0,0.0,0.0,2.448638371084337,0.0,0.0
100,3,0.10707070707070708,0.09292929292929292,1.908321176547966,1.9825498234490404,1,2,1,0,3,2,0,0,0,1,1,0,0,4,5,0,1,1,0,0,0,0,0,0,0.0,1,0,0.4071800282980407,0.5928199717019593,0.0,1.0474070746987967,2.686005,0.1533267325301203,0.0,0.8089998072289157,0.25084974939759064,0.0,0.0,0.0,2.659344267469881,0.0725515373493976,0.0,0.0,0.0,2.5540987012048197,3.179108320481929,0.0,0.14204357349397556,0.23457738795180696,0.0,0.0,0.0,0.0,0.0,0.0
101,3,0.060606060606060615,0.07272727272727272,1.4502753250946514,1.3617237469823888,3,3,1,0,3,0,0,1,0,0,0,0,1,6,1,0,2,1,0,0,0,0,0,0,0.0,0,1,0.6009166764602186,0.3990833235397814,0.0,4.57217680481928,0.907990257831325,1.0980836891566264,0.0,0.5344083108433733,0.0,0.0,0.0314703469879517,0.0,0.0,0.0,0.0,0.0,0.16454695662650606,3.7125119349397586,0.23318003855421665,0.0,1.4761348120481914,0.1756555228915665,0.0,0.0,0.0,0.0,0.0,0.0
102,3,0.04848484848484847,0.05858585858585858,1.5731571150144126,1.3805071036008092,0,0,0,0,2,1,1,5,1,0,1,0,2,7,0,0,1,0,0,0,0,1,0,0,0.0,0,0,0.4,0.6,0.0,0.0,0.0,0.0,0.0,1.8557585349397603,2.1436666554216877,0.388592739759036,1.7677140939759028,0.1142496867469882,0.0,0.21256811566265088,0.0,0.0,1.249235118072289,14.431592544578308,0.0,0.0,0.26197703855421706,0.0,0.0,0.0,0.0,1.6571707662650608,0.0,0.0
103,6,0.09292929292929292,0.07474747474747474,1.9610421256415862,2.135521981512314,0,0,0,0,0,0,0,1,3,0,3,4,0,4,0,0,1,4,0,1,0,1,0,0,0.0,1,0,0.6018594220841412,0.3981405779158588,0.0,0.0,0.0,0.0,0.0,0.0,0.0,0.0,0.10792538313253014,1.4799765397590363,0.0,0.7597814674698791,3.3252394987951814,0.0,0.0,3.2946274915662666,0.0,0.0,3.654264693975903,5.309254908433736,0.0,1.0427809807228918,0.0,0.9320737518072296,0.0,0.0
104,3,0.09292929292929294,0.09898989898989898,1.9297652061964534,1.9380237731729322,0,0,0,0,0,0,0,1,3,0,3,4,0,1,0,0,1,1,0,1,2,0,2,3,0.0,0,1,0.4040707759916734,0.5959292240083266,0.0,0.0,0.0,0.0,0.0,0.0,0.0,0.0,0.6591423325301206,2.788009040963855,0.0,1.1813667108433732,3.7322412939759033,0.0,0.0,0.14826928915662638,0.0,0.0,0.6123278024096389,0.31134770602409667,0.0,0.6672016626506025,2.2723003228915664,0.0,1.980466221686748,2.3534622578313247
105,6,0.09090909090909091,0.10909090909090909,2.0258576993671746,1.7407380653940807,0,0,0,0,0,2,0,5,3,0,1,0,1,4,0,0,3,1,0,1,0,1,0,0,0.0,1,1,0.5962747273063412,0.40372527269365877,0.0,0.0,0.0,0.0,0.0,0.0,1.2782245373493981,0.0,2.9726026843373474,3.4466229831325315,0.0,0.2109699469879517,0.0,0.0,0.5670091156626504,1.8443483493975918,0.0,0.0,3.912751662650603,2.5624865855421697,0.0,0.8019569566265073,0.0,0.6492153686746992,0.0,0.0
106,7,0.1070707070707071,0.0787878787878788,1.8628066979570321,2.1277550061512183,0,0,0,0,1,2,1,3,3,0,1,0,0,1,0,0,3,2,0,2,3,0,0,0,0.0,1,2,0.4126163862772326,0.5873836137227674,0.0,0.0,0.0,0.0,0.0,1.4009984530120474,0.931673819277108,2.073349293975904,7.068083443373492,3.9332964722891552,0.0,0.2788558843373492,0.0,0.0,0.0,0.30268434939759004,0.0,0.0,6.011372508433732,1.1670876072289147,0.0,3.1613412939759025,2.5712738746987975,0.0,0.0,0.0
107,10,0.09090909090909093,0.0686868686868687,2.0145815383643746,2.2153359883574897,1,2,0,0,3,1,0,2,0,1,1,0,3,3,0,0,4,0,0,1,0,0,0,0,1.0,0,0,0.5903306737789029,0.4096693262210971,0.0,1.437821371084337,2.2874833445783134,0.0,0.0,4.164117419277107,0.28845029638554215,0.0,0.7544980481927713,0.0,0.9191398843373503,0.08464063373493969,0.0,0.0,1.6125332385542164,1.380133546987952,0.0,0.0,5.8573098144578335,0.0,0.0,1.4199550048192782,0.0,0.0,0.0,0.0
108,7,0.06868686868686867,0.06868686868686869,1.6645137902775557,1.7414719359581925,0,0,0,0,1,1,0,4,0,0,4,1,1,4,3,0,1,2,0,0,0,0,0,0,0.0,1,0,0.4236854299521172,0.5763145700478828,0.0,0.0,0.0,0.0,0.0,0.06730718313253019,0.12919595421686725,0.0,3.2102025325301207,0.0,0.0,4.251812240963855,0.12670345301204866,0.0,2.8625825927710844,1.5208388530120487,2.1600148337349405,0.0,0.7824918433734935,1.8583298385542169,0.0,0.0,0.0,0.0,0.0,0.0
109,5,0.09494949494949495,0.08080808080808081,2.0328303081480006,2.07323132361033,0,0,0,0,0,1,3,4,2,0,1,0,0,1,0,0,1,1,1,5,1,1,0,0,0.0,0,1,0.5852826194950215,0.41471738050497853,0.0,0.0,0.0,0.0,0.0,0.0,0.3142520240963857,4.473951412048193,1.3972386433734942,0.6860528024096375,0.0,0.22181137590361463,0.0,0.0,0.0,0.21433977108433733,0.0,0.0,0.2224590795180726,1.1093297927710843,0.3774174506024095,3.791397267469883,1.5786802843373504,0.4058492168674694,0.0,0.0
110,5,0.07272727272727274,0.0707070707070707,2.1620012868692147,2.1866648324347553,0,0,0,0,3,1,2,1,1,2,1,0,0,1,0,0,4,2,0,1,0,3,0,0,0.0,1,0,0.41690874271082135,0.5830912572891787,0.0,0.0,0.0,0.0,0.0,1.3218346409638562,0.3233778000000003,1.7764830361445796,0.70564576626506,0.3079022530120482,0.8738100867469871,0.33472274457831347,0.0,0.0,0.0,0.3336596240963854,0.0,0.0,2.2975687662650603,1.701558853012049,0.0,0.07712923373493978,0.0,1.2331067349397595,0.0,0.0
111,3,0.09696969696969698,0.07272727272727272,1.9939616833856653,2.102043671720737,0,1,1,0,3,3,0,0,1,1,1,0,1,3,0,0,3,1,0,1,0,2,0,0,0.0,1,2,0.5906747792284616,0.40932522077153843,0.0,0.0,0.6173048602409633,0.32905430602409663,0.0,0.7837600120481929,1.7167835349397589,0.0,0.0,0.21445145060240942,0.19603597590361452,0.12798794457831308,0.0,0.0,0.49314756144578287,0.9793667060240969,0.0,0.0,5.117407546987948,0.2409813469879517,0.0,2.790720665060242,0.0,1.6565030168674704,0.0,0.0
112,2,0.06666666666666667,0.06262626262626263,1.758521771334361,1.848901486151811,0,0,1,0,3,4,0,1,1,0,1,0,0,3,2,0,2,4,0,0,0,0,0,0,0.0,2,1,0.4104959095892722,0.5895040904107278,0.0,0.0,0.0,0.7049711710843375,0.0,0.8698341759036147,2.2627492626506025,0.0,0.3332986192771084,0.09110973253012061,0.0,0.10801245542168655,0.0,0.0,0.0,1.4519516746987953,0.3165135614457828,0.0,1.1438989156626516,2.7305284337349396,0.0,0.0,0.0,0.0,0.0,0.0
113,2,0.09090909090909091,0.09090909090909091,2.0259453597531207,1.967862852210783,0,0,0,0,1,4,0,1,4,0,1,0,0,2,1,0,1,4,0,0,2,1,0,0,0.0,1,1,0.5898759242484886,0.41012407575151144,0.0,0.0,0.0,0.0,0.0,1.376931195180723,4.854765860240965,0.0,0.33478175421686773,4.9336793566265085,0.0,0.11228034216867473,0.0,0.0,0.0,0.19371813975903615,0.3438394987951806,0.0,0.42500499759036137,1.6023851927710835,0.0,0.0,0.9376611686746988,0.5258085831325309,0.0,0.0
114,3,0.08484848484848485,0.08888888888888889,2.0652586965421786,2.0290011015011116,0,0,0,0,2,4,0,2,2,0,1,0,0,1,0,0,2,6,0,0,1,1,0,0,0.0,1,1,0.41019862249089034,0.5898013775091097,0.0,0.0,0.0,0.0,0.0,2.317711575903613,3.2035139710843374,0.0,1.1654195566265062,1.0639866433734948,0.0,0.2968128506024096,0.0,0.0,0.0,0.29573903132530077,0.0,0.0,1.5119444168674696,4.652758662650603,0.0,0.0,1.4265327903614455,0.28947683855421635,0.0,0.0
115,3,0.07474747474747474,0.07272727272727272,1.7447186020623915,1.670374508299634,0,1,3,0,2,3,0,1,0,1,0,0,1,4,2,0,2,2,0,0,0,0,0,0,0.0,0,1,0.5901380587591548,0.4098619412408452,0.0,0.0,0.2392719542168676,1.3206579469879518,0.0,0.5392169999999998,1.840857375903615,0.0,0.11676545783132551,0.0,0.4177740000000001,0.0,0.0,0.0,0.3344573204819279,0.3798797638554217,0.37335006506024115,0.0,4.019569836144576,0.62115103373494,0.0,0.0,0.0,0.0,0.0,0.0
116,3,0.09292929292929294,0.10707070707070705,1.9238811480302822,1.9243346980377607,0,2,0,0,3,2,0,1,1,1,1,0,0,4,3,0,1,3,0,0,0,0,0,0,0.0,1,0,0.4099116161616162,0.5900883838383838,0.0,0.0,2.516866583132529,0.0,0.0,5.4135025084337345,2.7960749493975907,0.0,1.7481902457831329,0.8787878024096379,3.4913070795180716,0.16939086506024117,0.0,0.0,0.0,3.0355690265060247,1.7853492650602414,0.0,1.5779086987951805,7.5925336481927745,0.0,0.0,0.0,0.0,0.0,0.0
117,-1,0.03838383838383839,0.0707070707070707,1.2641508180115935,0.9345272798885437,0,0,0,0,4,2,0,3,1,0,1,0,0,1,0,0,4,5,0,0,1,0,0,0,0.0,1,0,0.5991480429682677,0.40085195703173226,0.0,0.0,0.0,0.0,0.0,0.8778394120481923,1.0194879686746994,0.0,0.5615798602409644,0.19720470361445805,0.0,0.2511077927710843,0.0,0.0,0.0,0.2523141759036142,0.0,0.0,1.4260043566265068,1.217643874698795,0.0,0.0,0.042356804819277116,0.0,0.0,0.0
118,2,0.008080808080808079,0.012121212121212121,0.557732744128918,0.5394225548535698,0,0,0,0,2,1,0,4,3,0,1,0,1,3,1,0,2,1,0,0,0,3,0,0,1.0,0,1,0.40135704739385214,0.5986429526061479,0.0,0.0,0.0,0.0,0.0,1.8689373831325309,0.12122091325301233,0.0,7.219125527710846,2.1389549783132553,0.0,0.0766043132530119,0.0,0.0,0.5918029012048195,0.7720323325301202,2.242298725301205,0.0,0.8758704072289148,1.3364496289156635,0.0,0.0,0.0,3.5681248987951815,0.0,0.0
119,5,0.08686868686868689,0.07676767676767678,1.5910109682273486,1.682458439762646,0,0,0,0,1,0,3,2,1,0,4,0,0,1,0,0,3,2,0,2,3,0,0,0,0.0,1,0,0.5992115637319316,0.40078843626806837,0.0,0.0,0.0,0.0,0.0,1.292154440963856,0.0,12.110551344578317,4.705662867469881,1.7847781445783129,0.0,4.214927580722895,0.0,0.0,0.0,0.1733037975903616,0.0,0.0,5.515210539759038,4.471294026506024,0.0,3.7305876722891576,2.8643365012048196,0.0,0.0,0.0
120,6,0.09696969696969697,0.09292929292929294,1.9738875138950847,1.8847395955104473,0,0,0,0,2,1,2,2,1,2,1,0,0,1,0,0,3,1,1,2,0,3,0,0,0.0,2,2,0.40961320602039164,0.5903867939796084,0.0,0.0,0.0,0.0,0.0,1.7132544361445783,1.1135641951807227,1.714677310843374,1.6137468144578309,1.5362363710843376,3.07988670361446,0.17634683855421648,0.0,0.0,0.0,0.17647661204819265,0.0,0.0,2.5119138578313236,0.8621586216867476,1.1283258722891576,1.808424766265062,0.0,4.602845465060243,0.0,0.0
121,6,0.09696969696969697,0.0686868686868687,1.931398203599914,2.162116473359195,0,1,0,0,1,3,0,3,0,2,1,0,0,4,1,0,3,2,0,0,0,1,0,0,0.0,1,1,0.5908337711676029,0.40916622883239706,0.0,0.0,1.0597993084337352,0.0,0.0,5.432911033734942,6.840373387951805,0.0,9.668420783132532,0.0,3.2172947493975905,3.445478595180724,0.0,0.0,0.0,3.75377585060241,0.8670702795180723,0.0,3.4555744048192762,1.791633339759037,0.0,0.0,0.0,1.248054925301204,0.0,0.0
122,6,0.08484848484848485,0.08686868686868689,2.0734598723055724,2.0238416010135425,0,0,0,0,1,0,3,3,1,0,3,0,0,1,0,0,3,1,1,2,2,0,1,0,0.0,1,0,0.41010793906990817,0.5898920609300918,0.0,0.0,0.0,0.0,0.0,1.3759899686746997,0.0,2.043725710843374,1.3348726771084343,0.07122854457831355,0.0,0.630814655421686,0.0,0.0,0.0,2.755702525301203,0.0,0.0,4.817412346987948,1.897152918072288,0.36737916867469894,1.712523990361446,1.8497122626506028,0.0,0.44957713734939786,0.0
123,6,0.06666666666666667,0.0707070707070707,1.8067434280424683,1.7342706909628633,0,0,0,0,0,0,5,3,1,0,2,0,0,1,0,0,2,0,3,2,1,1,1,0,0.0,0,0,0.5952570586595516,0.4047429413404484,0.0,0.0,0.0,0.0,0.0,0.0,0.0,3.5803440939759046,0.5173314578313257,0.5290389831325304,0.0,0.16426758795180763,0.0,0.0,0.0,0.04321434939759032,0.0,0.0,0.9972530168674715,0.0,1.9213376457831344,0.7236179277108441,0.861874987951807,0.21233546024096375,0.12502335903614434,0.0
124,6,0.0707070707070707,0.06666666666666667,1.7342706909628633,1.8067434280424683,0,0,0,0,1,0,1,5,1,2,1,0,0,1,0,0,4,4,0,1,0,1,0,0,0.0,0,0,0.40475479362045275,0.5952452063795473,0.0,0.0,0.0,0.0,0.0,0.13930410361445797,0.0,0.454976544578313,3.8095236939759016,0.4775378240963857,2.1803317156626507,0.0843786216867468,0.0,0.0,0.0,0.11905337349397618,0.0,0.0,4.8240162144578305,3.3363179493975896,0.0,0.2605834915662652,0.0,0.08858479518072308,0.0,0.0
125,3,0.03434343434343434,0.0707070707070707,0.9925760588168118,0.8731978304473383,0,0,0,0,2,0,3,2,1,2,1,0,0,1,0,0,3,0,1,1,1,4,0,0,0.0,0,0,0.6013805004314063,0.39861949956859366,0.0,0.0,0.0,0.0,0.0,0.9216150650602404,0.0,1.1237016506024102,0.587644279518072,1.0374556987951813,1.5183741469879528,0.19601932771084374,0.0,0.0,0.0,0.19578865301204867,0.0,0.0,1.1460140674698793,0.0,1.0404986313253017,0.6411073734939761,1.2237700337349406,1.211099168674699,0.0,0.0
126,3,0.10303030303030303,0.018181818181818184,1.1319637950699877,0.8317323252676195,0,2,1,0,3,3,0,0,0,1,1,0,0,5,1,0,3,1,0,0,0,1,0,0,0.0,0,0,0.3986312920367865,0.6013687079632135,0.0,0.0,2.115969968674698,0.3119854554216866,0.0,0.9661828192771085,2.488096720481927,0.0,0.0,0.0,0.66755798313253,0.06867375903614455,0.0,0.0,0.0,6.343770108433735,0.5135067686746991,0.0,3.593061816867472,0.4762268313253006,0.0,0.0,0.0,0.38609344337349405,0.0,0.0
127,3,0.0686868686868687,0.06262626262626263,1.79066151665336,1.0061115742075886,0,0,0,0,1,0,0,4,1,0,4,1,0,4,2,0,1,3,0,0,0,1,0,0,0.0,2,2,0.614382184453128,0.385617815546872,0.0,0.0,0.0,0.0,0.0,0.09513471325301194,0.0,0.0,2.0341290216867463,1.2244230867469876,0.0,4.0724515662650616,0.3483277518072283,0.0,0.0,2.1643380433734953,2.423956344578312,0.0,0.6061774987951801,1.0651631638554218,0.0,0.0,0.0,0.3147631807228914,0.0,0.0
128,2,0.0787878787878788,0.09494949494949495,1.270577549685873,1.580338357556227,0,0,0,0,3,2,1,2,2,0,1,0,0,1,0,0,4,3,0,2,0,1,0,0,0.0,2,2,0.3857343346988318,0.6142656653011682,0.0,0.0,0.0,0.0,0.0,0.896099624096386,0.5746514530120482,0.22099761686747013,0.9524314120481931,0.9106018915662655,0.0,0.12728551807228933,0.0,0.0,0.0,0.12705354216867426,0.0,0.0,1.8853032144578301,1.3462008795180724,0.0,0.22794203855421696,0.0,0.14332074939759035,0.0,0.0
129,5,0.11313131313131314,0.06868686868686869,1.9245069347729113,2.172988995520611,0,3,2,0,3,2,0,0,0,0,1,0,0,3,4,0,1,2,0,0,0,1,0,0,0.0,2,2,0.6149812592284103,0.3850187407715897,0.0,0.0,2.520249303614458,1.8908997325301211,0.0,1.7580631734939756,1.3100436433734939,0.0,0.0,0.0,0.0,0.19381664819277128,0.0,0.0,0.0,0.9484322168674697,4.62366857349398,0.0,0.7937167445783136,0.989722987951807,0.0,0.0,0.0,1.4484756578313258,0.0,0.0
130,5,0.06464646464646466,0.11111111111111112,2.2008839536999,1.8909058589697383,0,2,0,0,1,5,0,0,2,0,0,1,0,3,2,0,2,3,0,0,1,0,0,0,0.0,2,2,0.3852863819561392,0.6147136180438608,0.0,0.0,1.0335433734939756,0.0,0.0,0.1681587036144577,1.3748729277108442,0.0,0.0,0.09633195903614454,0.0,0.0,0.18618100481927735,0.0,0.0,0.7054712963855424,0.22753396626506056,0.0,0.6406183301204825,0.9555534000000008,0.0,0.0,0.21465282650602424,0.0,0.0,0.0
131,5,0.07272727272727274,0.06464646464646465,1.74874655000773,1.7910724569235053,0,0,0,0,2,2,0,4,2,0,1,0,0,3,1,0,1,5,0,0,1,0,0,0,0.0,2,1,0.615055958862674,0.38494404113732605,0.0,0.0,0.0,0.0,0.0,0.7733863951807232,0.23457603614457878,0.0,5.266894366265061,4.963914809638552,0.0,0.37521232048192743,0.0,0.0,0.0,0.6177239783132531,0.016520616867469935,0.0,0.4383123759036143,1.5573815204819277,0.0,0.0,0.2320197831325302,0.0,0.0,0.0
132,5,0.08080808080808081,0.10303030303030303,2.069318620408537,1.9459562623025015,0,0,0,0,0,2,0,2,2,0,2,3,0,1,0,0,1,2,1,2,3,0,0,1,0.0,1,2,0.3852345949623023,0.6147654050376977,0.0,0.0,0.0,0.0,0.0,0.0,0.3463578795180722,0.0,0.30778140722891545,0.7684997710843373,0.0,0.5298200385542168,0.7870451783132539,0.0,0.0,0.10526999277108395,0.0,0.0,0.1274121542168669,0.5760051686746992,0.16887882650602418,0.7936833108433734,0.9853939445783144,0.0,0.0,0.1405964024096386
133,6,0.054545454545454536,0.07474747474747476,1.8995172012275423,1.660802338183052,0,0,0,0,1,2,0,1,5,0,0,2,0,1,0,0,2,2,0,1,4,0,0,1,0.0,0,1,0.6160495687219858,0.3839504312780142,0.0,0.0,0.0,0.0,0.0,0.1995958192771081,0.7937002265060233,0.0,0.2115066650602407,2.415457756626506,0.0,0.0,0.3342351614457839,0.0,0.0,0.1544406000000002,0.0,0.0,0.7319163036144576,0.42465521204819245,0.0,1.263978057831325,1.8243691301204827,0.0,0.0,0.6276275132530117
134,6,0.09494949494949498,0.10707070707070705,1.9766153995185278,1.8404551274568375,0,0,0,0,1,3,0,2,4,0,0,1,0,1,0,0,2,3,0,1,4,0,0,0,0.0,1,2,0.3849928555313229,0.6150071444686771,0.0,0.0,0.0,0.0,0.0,0.2033571397590361,1.5591117686746991,0.0,0.4912847060240967,2.3057628722891583,0.0,0.0,0.09217267951807219,0.0,0.0,0.09120870361445768,0.0,0.0,1.405858843373494,0.8314141301204814,0.0,0.5651606385542165,1.7294974481927712,0.0,0.0,0.0
135,1,0.08484848484848484,0.08686868686868686,2.0607596093513774,2.0327802902383816,1,3,1,0,3,1,0,0,0,1,1,0,1,7,1,0,1,0,0,0,0,1,0,0,0.0,0,1,0.6187772275384443,0.38122277246155567,0.0,2.6783590843373495,2.745142460240964,1.4873948674698791,0.0,1.0548456144578315,0.1806777397590364,0.0,0.0,0.0,0.9508527325301216,0.002384262650602404,0.0,0.0,1.231432706024096,5.817502554216866,0.7495155180722884,0.0,0.3957603614457829,0.0,0.0,0.0,0.0,1.0262579060240966,0.0,0.0
136,2,0.03636363636363637,0.04242424242424243,1.6826677625349757,1.636699539451904,1,2,0,0,3,1,0,1,0,2,1,0,1,6,1,0,2,0,0,0,0,1,0,0,0.0,1,0,0.381809727517902,0.618190272482098,0.0,0.6660810361445785,0.8148874554216863,0.0,0.0,2.0236498192771077,0.1209752530120481,0.0,0.05909854698795191,0.0,1.6338880337349382,0.002062243373493941,0.0,0.0,0.16448409397590358,3.7586282602409673,1.2612426216867476,0.0,0.9088005686746986,0.0,0.0,0.0,0.0,0.6304642048192771,0.0,0.0
137,1,0.09090909090909091,0.09292929292929294,2.003322873886927,2.0109437396320478,0,0,0,0,1,0,0,6,3,0,1,0,1,4,0,0,2,1,0,0,0,3,0,0,0.0,0,0,0.6207227847165767,0.3792772152834233,0.0,0.0,0.0,0.0,0.0,1.0815391807228925,0.0,0.0,9.584853354216865,3.6793576192771074,0.0,0.0986122987951807,0.0,0.0,0.24464840963855394,3.253190407228916,0.0,0.0,0.6812971012048178,0.5224868674698799,0.0,0.0,0.0,0.8462635084337352,0.0,0.0
138,1,0.09292929292929294,0.09090909090909091,2.0109437396320478,2.003322873886927,0,0,0,0,0,2,1,3,4,0,1,0,0,4,4,0,1,1,0,1,0,0,0,0,0.0,0,0,0.37928868360277135,0.6207113163972287,0.0,0.0,0.0,0.0,0.0,0.0,0.7541011373493982,0.33850707469879515,1.437237079518073,7.343485575903615,0.0,0.055524173493976134,0.0,0.0,0.0,1.673846385542169,2.2890450722891567,0.0,0.95891186746988,0.853685978313253,0.0,1.5842470192771079,0.0,0.0,0.0,0.0
139,2,0.03636363636363636,0.06464646464646465,1.3067535583266308,1.4331804353531146,0,0,0,0,3,4,0,1,0,2,1,0,0,2,0,0,3,5,0,0,0,1,0,0,0.0,1,0,0.6305341588078612,0.36946584119213877,0.0,0.0,0.0,0.0,0.0,1.6038251132530128,6.985691732530122,0.0,1.849140166265062,0.0,2.474742072289157,0.9179382795180723,0.0,0.0,0.0,0.7837707325301208,0.0,0.0,4.861718898795185,6.27171140240964,0.0,0.0,0.0,0.9839817036144581,0.0,0.0
140,2,0.08484848484848485,0.08282828282828282,2.090401260003234,1.6925207049062827,0,0,0,0,3,2,0,2,2,1,1,0,0,1,0,0,3,4,0,2,0,1,0,0,0.0,0,0,0.37045156421268266,0.6295484357873173,0.0,0.0,0.0,0.0,0.0,3.107432067469876,0.6463871060240964,0.0,1.2992135493975896,0.9700346963855426,0.4196616361445784,0.2062269180722897,0.0,0.0,0.0,0.2052761349397587,0.0,0.0,1.778757715662652,2.1299138746987945,0.0,2.2669151421686737,0.0,0.3281434626506024,0.0,0.0
141,2,0.08282828282828282,0.08484848484848485,1.6925207049062827,2.090401260003234,0,0,0,1,3,1,1,2,1,0,2,0,0,8,1,0,1,1,0,0,0,0,0,0,0.0,0,0,0.6295550923596637,0.37044490764033633,0.0,0.0,0.0,0.0,1.6295624313253025,6.7645657012048215,1.4477407879518074,0.7573887975903616,4.616068496385543,4.073487000000001,0.0,1.1017801951807233,0.0,0.0,0.0,10.837264959036146,1.3890940554216868,0.0,0.7116747397590363,0.6596134771084338,0.0,0.0,0.0,0.0,0.0,0.0
142,8,0.0808080808080808,0.10303030303030304,2.0859514249645295,1.9268781457791446,2,4,0,0,3,0,0,0,0,1,1,0,2,7,0,0,2,0,0,0,0,0,0,0,0.0,3,1,0.38152482832883194,0.6184751716711681,0.0,0.9941164915662652,1.4300390674698802,0.0,0.0,1.366664385542169,0.0,0.0,0.0,0.0,0.06487799277108393,0.026168913253012103,0.0,0.0,0.44343035421686744,3.0152522674698794,0.0,0.0,0.5557048626506021,0.0,0.0,0.0,0.0,0.0,0.0,0.0
143,8,0.15555555555555556,0.07676767676767676,1.6978629331687374,2.1279578967289385,3,1,0,0,3,0,0,0,0,3,1,0,3,6,0,0,1,0,0,0,0,1,0,0,0.0,1,2,0.6186367405995801,0.38136325940041993,0.0,4.125360946987952,0.1929143349397591,0.0,0.0,1.0839842096385546,0.0,0.0,0.0,0.0,2.8906887108433743,0.017140836144578505,0.0,0.0,0.5600254915662646,2.89318734939759,0.0,0.0,0.2620524506024097,0.0,0.0,0.0,0.0,0.19346349397590362,0.0,0.0
144,9,0.1191919191919192,0.11515151515151517,1.7457132540192857,1.7760536738269082,0,0,0,1,1,0,2,2,1,0,4,0,4,3,0,0,0,1,0,0,0,3,0,0,0.0,0,0,0.38620448179271705,0.613795518207283,0.0,0.0,0.0,0.0,0.8376781373493976,0.4280763903614459,0.0,3.891106807228919,1.2025079421686728,1.9985657493975895,0.0,2.2121412433734946,0.0,0.0,1.7717587373493973,4.5293928506024095,0.0,0.0,0.0,0.5038520963855424,0.0,0.0,0.0,1.513023780722892,0.0,0.0
145,3,0.08888888888888889,0.09494949494949495,1.305744586931388,1.4966431417805863,0,0,0,0,0,0,5,2,2,1,1,0,0,1,0,1,1,0,4,3,0,1,0,0,0.0,1,0,0.6209231192219129,0.3790768807780871,0.0,0.0,0.0,0.0,0.0,0.0,0.0,1.7680121132530122,0.49449670843373456,0.4408727638554213,0.5442656819277106,0.23107142891566274,0.0,0.0,0.0,0.21014167228915648,0.0,0.21437416626506042,0.6321571084337345,0.0,1.743100590361446,0.8593531951807236,0.0,0.19033852048192781,0.0,0.0
146,3,0.09494949494949495,0.1191919191919192,1.4966431417805863,1.4790749298600476,0,0,0,1,0,0,0,2,0,0,6,2,0,1,0,0,2,0,5,1,0,2,0,0,0.0,0,1,0.37910888877433546,0.6208911112256645,0.0,0.0,0.0,0.0,0.9421519734939781,0.0,0.0,0.0,1.6306409060240967,0.0,0.0,9.734256527710848,4.333801908433734,0.0,0.0,0.2304000433734941,0.0,0.0,0.447173609638554,0.0,2.4404444674698804,0.17557720481927713,0.0,0.18580324337349433,0.0,0.0
147,3,0.098989898989899,0.1070707070707071,1.9410955391165552,1.8981348976731047,0,0,2,0,3,2,0,1,1,1,1,0,0,1,0,0,5,2,0,1,1,1,0,0,0.0,0,0,0.6258415724049045,0.37415842759509554,0.0,0.0,0.0,3.0262630626506013,0.0,4.84574475180723,1.0570120843373503,0.0,0.4372737397590371,0.15996995421686716,0.3709387445783125,0.05083080722891589,0.0,0.0,0.0,0.18252169156626546,0.0,0.0,6.064892580722892,1.420542845783133,0.0,1.4974930987951807,0.848370346987952,5.102171530120484,0.0,0.0
148,2,0.07272727272727274,0.0686868686868687,1.7443433175443521,1.4123122036988691,0,0,2,0,3,3,0,1,1,0,1,0,0,2,3,0,2,4,0,0,0,0,0,0,0.0,0,0,0.3747310279392081,0.6252689720607919,0.0,0.0,0.0,2.3217899132530126,0.0,4.450705373493978,5.580497255421683,0.0,3.275404821686746,2.863026310843374,0.0,0.45754962650602415,0.0,0.0,0.0,2.095008759036146,2.4249405325301208,0.0,2.955179349397591,7.288101498795182,0.0,0.0,0.0,0.0,0.0,0.0
149,2,0.07070707070707072,0.07272727272727274,1.4092874781231006,1.7443433175443521,0,0,0,0,5,2,0,1,1,1,1,0,0,2,0,0,7,1,0,0,0,1,0,0,0.0,0,0,0.6252753210667209,0.3747246789332791,0.0,0.0,0.0,0.0,0.0,2.0300450024096386,0.40308169156626505,0.0,0.11531206987951803,0.13178493975903596,0.18558423614457836,0.075662125301205,0.0,0.0,0.0,0.18973716144578315,0.0,0.0,2.429058224096385,0.29729257590361446,0.0,0.0,0.0,0.03746056626506018,0.0,0.0
150,3,0.09494949494949495,0.09292929292929292,2.0109739870053542,2.0007978365941295,0,2,1,0,1,1,1,1,0,3,1,0,0,4,2,0,1,0,0,0,0,4,0,0,0.0,2,1,0.38140096213479946,0.6185990378652005,0.0,0.0,0.6434832216867471,0.016529992771084374,0.0,0.4639049277108429,0.25770489397590374,0.06738301445783137,0.13678815180722895,0.0,1.877245330120483,0.03134742650602424,0.0,0.0,0.0,0.7189860144578315,1.5846249614457826,0.0,0.43262731807228944,0.0,0.0,0.0,0.0,1.031042479518073,0.0,0.0
151,8,0.06262626262626263,0.07272727272727274,1.8528268208815086,1.6616366541693184,1,3,0,0,1,2,0,1,0,2,1,0,3,5,0,0,1,1,0,0,0,1,0,0,0.0,1,2,0.6192563836551654,0.38074361634483456,0.0,0.2379119638554218,2.5388263807228895,0.0,0.0,0.5984089301204819,0.7150509325301204,0.0,0.10288759518072307,0.0,1.5396092168674704,0.26196090361445795,0.0,0.0,1.6655949036144582,4.117010602409639,0.0,0.0,0.8622258939759032,1.3213674216867466,0.0,0.0,0.0,0.4751088795180728,0.0,0.0
152,8,0.08282828282828282,0.07474747474747474,1.9983505780795832,2.1755766487901087,0,2,1,0,2,4,0,0,1,0,1,0,0,3,2,0,2,4,0,0,0,0,0,0,0.0,0,0,0.38285028182636827,0.6171497181736317,0.0,0.0,1.553255284337349,1.4756261132530109,0.0,0.6725140554216867,1.4772178120481922,0.0,0.0,0.97542626746988,0.0,0.15182572048192808,0.0,0.0,0.0,2.6904718843373487,0.6251273566265059,0.0,0.9068597204819273,2.215497542168674,0.0,0.0,0.0,0.0,0.0,0.0
153,8,0.07474747474747474,0.08282828282828282,2.1755766487901087,1.9983505780795832,0,5,2,0,2,1,0,1,0,0,0,0,0,9,1,0,1,0,0,0,0,0,0,0,0.0,0,0,0.6171561025230543,0.3828438974769457,0.0,0.0,3.8841314385542174,1.2580543373493978,0.0,0.1611940554216868,0.5404687879518074,0.0,0.1379073831325304,0.0,0.0,0.0,0.0,0.0,0.0,5.1863389156626525,0.10372544096385561,0.0,0.7325148506024097,0.0,0.0,0.0,0.0,0.0,0.0,0.0
154,8,0.024242424242424246,0.052525252525252523,1.065911741132464,1.5337323581330473,0,0,2,0,3,4,0,0,1,0,1,0,0,6,4,0,1,0,0,0,0,0,0,0,0.0,1,1,0.39894109431081803,0.601058905689182,0.0,0.0,0.0,0.9031853927710841,0.0,1.8549013084337347,1.7659027951807225,0.0,0.0,0.033162267469879485,0.0,0.00322369879518069,0.0,0.0,0.0,2.31707613253012,1.8434936168674698,0.0,0.2032840843373496,0.0,0.0,0.0,0.0,0.0,0.0,0.0
155,11,0.0787878787878788,0.09696969696969697,1.7313416653860267,2.0049148577367335,0,0,0,2,0,0,2,3,0,0,3,1,0,1,5,0,2,2,0,1,0,0,0,0,1.0,1,0,0.6012467127690659,0.39875328723093406,0.0,0.0,0.0,0.0,3.014135089156627,0.0,0.0,3.5085096216867484,4.128785848192772,0.0,0.0,3.7730863951807256,2.188848838554218,0.0,0.0,0.15804653493975868,1.4735944192771102,0.0,0.7417757060240968,0.9766932722891563,0.0,0.28018994457831314,0.0,0.0,0.0,0.0
156,7,0.12525252525252528,0.08686868686868686,1.7158235059362452,2.0301607219064755,0,0,0,0,0,0,5,3,2,0,1,0,0,1,0,0,4,2,1,1,0,2,0,0,0.0,1,1,0.4006117197740845,0.5993882802259155,0.0,0.0,0.0,0.0,0.0,0.0,0.0,4.139748072289157,0.7937607469879515,0.6682900048192773,0.0,0.31465027228915693,0.0,0.0,0.0,0.0450174939759035,0.0,0.0,3.2097391012048178,5.124093903614457,0.6144663542168669,0.8312304650602405,0.0,1.0093060265060245,0.0,0.0
157,12,0.10303030303030304,0.06666666666666667,1.8958948469861274,2.2086359152883115,0,1,0,0,3,3,0,2,0,1,1,0,0,4,2,0,3,1,0,0,0,1,0,0,1.0,1,1,0.6006162980171983,0.3993837019828017,0.0,0.0,0.21388396626506007,0.0,0.0,3.466646125301207,4.447319768674698,0.0,1.8793661710843383,0.0,1.419759954216867,0.07394741204819297,0.0,0.0,0.0,3.601303713253013,3.069593486746988,0.0,2.6644080289156618,0.38609656626506017,0.0,0.0,0.0,1.4740565349397579,0.0,0.0
158,6,0.09898989898989898,0.08282828282828282,2.0033842111932842,2.1080028017622783,0,2,3,0,3,2,0,0,0,0,1,0,0,5,3,0,2,1,0,0,0,0,0,0,0.0,1,0,0.40093011280433843,0.5990698871956616,0.0,0.0,2.5393617831325295,1.6067540313253006,0.0,1.3090568674698797,0.09310046746987949,0.0,0.0,0.0,0.0,0.019955718072288915,0.0,0.0,0.0,1.286959460240964,1.447695816867471,0.0,0.8414119228915659,1.8204392819277109,0.0,0.0,0.0,0.0,0.0,0.0
159,5,0.0787878787878788,0.0787878787878788,2.0685221337834587,2.1359894486152546,0,2,2,0,3,3,0,0,0,0,1,0,0,6,3,0,1,1,0,0,0,0,0,0,0.0,0,0,0.6005034794599622,0.3994965205400378,0.0,0.0,1.4821155542168678,0.7402700385542169,0.0,0.9155195783132534,0.7015562891566266,0.0,0.0,0.0,0.0,0.08775453253012087,0.0,0.0,0.0,1.437351325301206,1.2302977012048195,0.0,0.2789103759036145,1.153923816867471,0.0,0.0,0.0,0.0,0.0,0.0
160,6,0.07272727272727272,0.10707070707070705,1.7186519393393125,1.8000171223588837,0,2,3,0,2,3,0,0,0,0,1,0,0,5,4,0,1,1,0,0,0,0,0,0,0.0,1,1,0.4049540817947822,0.5950459182052178,0.0,0.0,0.5370214481927719,1.3723594843373499,0.0,0.4221126795180723,0.5070463518072289,0.0,0.0,0.0,0.0,0.15758168674698794,0.0,0.0,0.0,1.3058822313253011,0.715855987951808,0.0,0.47208168433734926,0.5595494602409643,0.0,0.0,0.0,0.0,0.0,0.0
161,12,0.06868686868686869,0.08686868686868686,1.7886323293466615,1.6203686597322593,1,6,0,0,3,0,0,1,0,0,0,0,0,9,0,0,2,0,0,0,0,0,0,0,1.0,1,0,0.5967119212633312,0.40328807873666883,0.0,0.6625674650602403,6.753086168674701,0.0,0.0,1.8160867951807222,0.0,0.0,0.005586108433734962,0.0,0.0,0.0,0.0,0.0,0.0,6.582720802409641,0.0,0.0,1.482533161445783,0.0,0.0,0.0,0.0,0.0,0.0,0.0
162,12,0.06666666666666667,0.09292929292929292,1.8145658295052378,2.0102894247816327,0,0,0,0,3,2,1,3,0,1,1,0,0,9,0,0,2,0,0,0,0,0,0,0,0.0,1,0,0.41036024767027335,0.5896397523297267,0.0,0.0,0.0,0.0,0.0,2.073766228915665,4.882431375903615,0.5378634939759035,2.678799701204822,0.0,1.1977126337349395,0.07227003614457866,0.0,0.0,0.0,7.339280862650604,0.0,0.0,2.6287952024096377,0.0,0.0,0.0,0.0,0.0,0.0,0.0
163,11,0.06262626262626263,0.03434343434343435,1.3705904937430144,1.2544244361026984,0,0,0,0,3,3,0,3,1,0,1,0,0,1,0,0,4,2,0,2,1,1,0,0,0.0,0,0,0.5898898351433706,0.41011016485662943,0.0,0.0,0.0,0.0,0.0,1.4252655542168673,2.764765142168674,0.0,1.3525067566265063,0.37281837831325354,0.0,0.16049696385542195,0.0,0.0,0.0,0.10595342168674672,0.0,0.0,5.8749261036144595,1.5205127638554208,0.0,0.7447299975903623,0.7500527783132528,1.0874736000000005,0.0,0.0
164,11,0.03434343434343435,0.06262626262626263,1.2544244361026984,1.3705904937430144,0,2,1,0,1,4,0,1,0,1,1,0,0,4,1,0,2,4,0,0,0,0,0,0,0.0,0,0,0.4101193824614039,0.5898806175385961,0.0,0.0,0.2183793397590359,0.1717420987951807,0.0,0.3156107204819279,1.406361643373495,0.0,0.007316566265060236,0.0,0.046577313253012065,0.0038788987951807333,0.0,0.0,0.0,0.36595117590361464,0.04540816626506031,0.0,0.31343231566265073,1.4683276554216866,0.0,0.0,0.0,0.0,0.0,0.0
165,5,0.10909090909090911,0.08282828282828285,1.8854266418702856,2.084292250570446,0,3,2,0,2,3,0,0,0,0,1,0,0,6,2,0,0,3,0,0,0,0,0,0,0.0,0,1,0.5997254842153423,0.40027451578465767,0.0,0.0,0.5937096939759031,0.5985244626506028,0.0,0.37290469879518084,2.740592537349399,0.0,0.0,0.0,0.0,0.036936368674699085,0.0,0.0,0.0,1.4755016385542161,0.5151214915662652,0.0,0.0,2.3798155590361465,0.0,0.0,0.0,0.0,0.0,0.0
166,7,0.07676767676767676,0.08888888888888888,2.138585318350234,2.0589514906931687,0,4,1,0,4,1,0,1,0,0,0,0,0,9,1,0,1,0,0,0,0,0,0,0,0.0,1,0,0.4104612985922672,0.5895387014077328,0.0,0.0,2.27504028433735,1.9307352722891573,0.0,1.8130168626506027,0.8899149975903614,0.0,0.20675650843373494,0.0,0.0,0.0,0.0,0.0,0.0,5.888228407228914,0.25724600240963863,0.0,0.4781404698795181,0.0,0.0,0.0,0.0,0.0,0.0,0.0
167,7,0.09292929292929292,0.10303030303030304,1.9872354917799484,1.8791296421582309,0,4,0,0,4,1,0,2,0,0,0,0,0,8,1,0,2,0,0,0,0,0,0,0,0.0,0,0,0.5899505766062603,0.41004942339373973,0.0,0.0,4.1211839710843385,0.0,0.0,4.471570156626507,0.5027451975903617,0.0,0.6122603783132528,0.0,0.0,0.0,0.0,0.0,0.0,6.7379615493975935,0.4146422819277104,0.0,2.416543742168676,0.0,0.0,0.0,0.0,0.0,0.0,0.0
168,7,0.10303030303030304,0.09292929292929292,1.8791296421582309,1.9872354917799484,1,2,0,0,4,1,0,2,0,1,0,0,1,5,2,0,3,0,0,0,0,0,0,0,0.0,0,0,0.41005825882493896,0.589941741175061,0.0,0.48052870120481966,2.0045321566265057,0.0,0.0,4.601129718072289,0.37673511325301207,0.0,1.0696434216867472,0.0,1.2175756915662652,0.0,0.0,0.0,1.2964256024096388,4.339467469879521,1.4606845301204816,0.0,2.472928033734941,0.0,0.0,0.0,0.0,0.0,0.0,0.0
169,2,0.10505050505050507,0.0686868686868687,1.90956154210539,2.172382588049849,1,1,1,0,3,2,0,1,1,0,1,0,0,4,1,0,2,3,0,1,0,0,0,0,0.0,0,0,0.5956045254482616,0.4043954745517384,0.0,0.4366941253012047,0.5242037277108437,2.6488218216867474,0.0,2.8176588795180724,1.1445327542168677,0.0,0.179756269879518,0.06325587469879518,0.0,0.04780397349397588,0.0,0.0,0.0,1.5883080578313251,0.35760795903614456,0.0,1.736136144578313,1.5686209662650605,0.0,2.159959221686748,0.0,0.0,0.0,0.0
170,2,0.09292929292929294,0.06666666666666665,1.9482405220041485,1.7880609927350897,1,2,0,0,2,2,0,1,0,2,1,0,3,5,1,0,2,0,0,0,0,0,0,0,0.0,0,0,0.4046768431308867,0.5953231568691133,0.0,1.8505527469879501,0.10919141204819259,0.0,0.0,0.11632273734939777,0.20497925783132542,0.0,0.1091081421686747,0.0,1.9194476385542178,0.12211678554216861,0.0,0.0,0.1616005445783132,1.8048945903614462,3.461506662650605,0.0,0.2926760674698795,0.0,0.0,0.0,0.0,0.0,0.0,0.0
171,1,0.05656565656565657,0.0101010101010101,1.4558234773114256,0.3542962737706725,3,3,0,0,2,1,0,1,0,1,0,0,2,6,0,0,2,1,0,0,0,0,0,0,0.0,0,1,0.6005362711666813,0.3994637288333187,0.0,2.320828207228915,0.4135419180722892,0.0,0.0,0.9928555662650612,0.24224013975903624,0.0,0.07440534216867446,0.0,0.2462324602409639,0.0,0.0,0.0,0.36065505542168685,3.146596489156628,0.0,0.0,0.2958088698795181,0.5252953518072285,0.0,0.0,0.0,0.0,0.0,0.0
172,2,0.09090909090909091,0.030303030303030307,1.104723001967495,1.4015562318834547,1,7,0,0,2,0,0,1,0,0,0,0,1,9,0,0,1,0,0,0,0,0,0,0,0.0,1,0,0.3998135795636597,0.6001864204363403,0.0,0.5675055397590364,3.2519499614457845,0.0,0.0,0.36615500240963844,0.0,0.0,0.10776223373493994,0.0,0.0,0.0,0.0,0.0,0.532069424096386,2.0670467855421677,0.0,0.0,0.08223672289156671,0.0,0.0,0.0,0.0,0.0,0.0,0.0
173,-1,0.030303030303030307,0.05454545454545454,1.3320920815561932,1.0274791474324279,0,0,0,0,2,1,1,4,1,1,1,0,1,9,0,0,1,0,0,0,0,0,0,0,0.0,0,1,0.6038272264153667,0.3961727735846333,0.0,0.0,0.0,0.0,0.0,1.9601949686746991,0.1725372,0.2848481277108427,1.665128949397591,0.09609382409638552,1.3264759012048188,0.024123130120482065,0.0,0.0,0.4886637469879518,3.2614273084337353,0.0,0.0,0.5718822072289159,0.0,0.0,0.0,0.0,0.0,0.0,0.0
174,2,0.06464646464646466,0.03232323232323232,0.8840722777548631,1.3563187225449562,0,0,0,0,0,1,0,4,5,0,1,0,0,1,0,0,4,0,1,4,1,0,0,0,1.0,1,0,0.3964950237992211,0.6035049762007789,0.0,0.0,0.0,0.0,0.0,0.0,0.22651596144578287,0.0,4.19845668433735,13.003812267469879,0.0,0.422784751807229,0.0,0.0,0.0,0.026657580722891656,0.0,0.0,1.39141974939759,0.0,0.1929024433734942,2.963357031325301,1.4616373156626519,0.0,0.0,0.0
175,10,0.030303030303030297,0.06464646464646465,1.3882311652450237,1.8650441797868724,0,4,2,0,2,2,0,0,0,0,1,0,0,7,2,0,1,1,0,0,0,0,0,0,1.0,1,1,0.6046909603382323,0.39530903966176767,0.0,0.0,3.073820219277109,1.272240173493976,0.0,0.7606761831325302,0.24408028915662633,0.0,0.0,0.0,0.0,0.12024991084337311,0.0,0.0,0.0,2.494938860240963,1.825072597590363,0.0,0.16439708674698783,1.0836939542168673,0.0,0.0,0.0,0.0,0.0,0.0
176,3,0.05858585858585859,0.05858585858585858,1.0420842181897412,0.9396125633621502,0,6,1,0,1,2,0,1,0,0,0,0,0,9,0,0,1,1,0,0,0,0,0,0,1.0,1,0,0.395986554814985,0.604013445185015,0.0,0.0,4.744067522891566,1.0458577807228924,0.0,0.14999673975903594,0.7960539903614456,0.0,0.11149481204819274,0.0,0.0,0.0,0.0,0.0,0.0,3.985420807228915,0.0,0.0,0.9338446626506023,0.15451888192771085,0.0,0.0,0.0,0.0,0.0,0.0
177,10,0.08888888888888889,0.07474747474747474,1.962258557096941,2.1355472821174004,0,0,0,0,1,2,0,6,1,0,1,0,0,9,0,0,1,1,0,0,0,0,0,0,1.0,1,2,0.6107290622308202,0.38927093776917976,0.0,0.0,0.0,0.0,0.0,0.6243517156626502,1.15417531807229,0.0,2.5554232120481926,1.4017938289156624,0.0,0.012233465060241108,0.0,0.0,0.0,5.618290228915661,0.0,0.0,1.0481590265060248,0.2305760385542168,0.0,0.0,0.0,0.0,0.0,0.0
178,1,0.08686868686868686,0.09696969696969698,2.002989854672634,2.0082927892056093,0,0,0,0,1,0,0,6,3,0,1,0,0,0,1,0,3,2,0,2,3,0,0,0,1.0,1,0,0.39181302996639156,0.6081869700336084,0.0,0.0,0.0,0.0,0.0,0.2473615373493975,0.0,0.0,3.066567636144579,0.3245698048192771,0.0,0.03766303373494,0.0,0.0,0.0,0.0,0.04550041445783135,0.0,2.0520779566265066,0.9525938674698782,0.0,0.6653334216867466,4.605495462650602,0.0,0.0,0.0
179,2,0.0787878787878788,0.06464646464646463,1.7166081897747534,1.7242913470857937,0,0,0,0,0,0,0,1,0,0,10,0,0,1,0,0,2,1,1,5,1,0,0,0,0.0,0,0,0.6127664897017538,0.38723351029824615,0.0,0.0,0.0,0.0,0.0,0.0,0.0,0.0,0.24552480722891548,0.0,0.0,9.660937532530118,0.0,0.0,0.0,0.03792130120481893,0.0,0.0,0.929556730120481,0.10186718313252996,0.05091099759036133,1.479867310843374,1.0140397012048192,0.0,0.0,0.0
180,6,0.09494949494949495,0.08484848484848484,1.9012327272950478,2.0467184849239795,0,0,0,0,0,0,1,1,0,0,9,0,0,1,0,1,1,0,0,2,0,0,6,0,0.0,1,2,0.39412969095681094,0.6058703090431891,0.0,0.0,0.0,0.0,0.0,0.0,0.0,0.29263359036144626,1.0684291951807228,0.0,0.0,11.447828696385546,0.0,0.0,0.0,0.2079329060240969,0.0,0.3078256409638558,1.3890557204819267,0.0,0.0,1.24245523373494,0.0,0.0,6.7619067325301225,0.0
181,2,0.09494949494949494,0.08484848484848485,1.9089179084861783,2.006619125634975,0,0,0,0,0,3,0,5,1,0,1,1,0,1,0,0,1,0,1,1,2,0,3,2,0.0,1,0,0.6073218148462528,0.3926781851537472,0.0,0.0,0.0,0.0,0.0,0.0,11.424490265060241,0.0,9.599272619277109,1.7441303638554206,0.0,0.20817563855421742,1.3300490530120486,0.0,0.0,0.16711912771084364,0.0,0.0,2.254520421686747,0.0,2.345394520481927,2.0414710915662653,3.199105062650604,0.0,11.850588628915663,2.828771349397593
182,2,0.09292929292929292,0.09494949494949494,1.9929261917868772,1.9755689863127772,0,0,0,0,3,2,1,2,1,1,1,0,0,7,0,0,2,0,0,2,0,0,0,0,0.0,0,1,0.39281119110843443,0.6071888088915656,0.0,0.0,0.0,0.0,0.0,1.3871600891566267,2.8622209373493974,0.8632257180722893,4.191184525301208,3.9795724626505984,0.5545156409638562,0.5093734987951808,0.0,0.0,0.0,3.7449546072289186,0.0,0.0,1.3210618192771089,0.0,0.0,1.4842262168674711,0.0,0.0,0.0,0.0
183,2,0.08686868686868689,0.09696969696969697,2.051902370555089,1.9686390682612624,0,0,0,0,1,0,1,4,0,0,3,2,0,1,0,0,3,2,0,1,2,0,1,1,0.0,0,0,0.6093384154641982,0.3906615845358018,0.0,0.0,0.0,0.0,0.0,0.18797235180722893,0.0,0.39483699036144626,5.531534674698799,0.0,0.0,4.317736937349395,2.421347775903614,0.0,0.0,0.14699445542168663,0.0,0.0,0.8421637228915667,0.9085754819277114,0.0,0.5276006963855421,0.6130655060240962,0.0,0.15027254457831313,0.3826593831325303
184,9,0.11313131313131311,0.09494949494949495,1.870330869349246,2.025138816679372,0,0,0,0,1,0,1,3,0,0,4,2,0,1,0,0,3,0,1,3,0,0,2,1,0.0,1,2,0.39815798319327733,0.6018420168067227,0.0,0.0,0.0,0.0,0.0,0.1870256457831324,0.0,0.4281915542168675,1.3025721469879512,0.0,0.0,4.1882430144578295,1.480050325301205,0.0,0.0,0.3205730168674697,0.0,0.0,2.5305840216867437,0.0,1.0644461638554228,2.947620759036146,0.0,0.0,0.39729539277108367,0.42678746746987994
185,3,0.0585858585858586,0.07272727272727274,1.8767528846352919,1.7133560809768467,0,0,0,0,1,0,2,4,3,0,1,0,1,2,1,0,3,2,0,0,1,1,0,0,0.0,0,0,0.6042365519545606,0.3957634480454394,0.0,0.0,0.0,0.0,0.0,0.4509524963855415,0.0,2.3705495349397596,5.797563636144578,1.183846778313254,0.0,0.05194202891566283,0.0,0.0,0.4676155734939764,0.1739061036144577,0.6528140240963857,0.0,1.543986122891567,5.0167351879518085,0.0,0.0,0.6530105710843382,0.5276483855421686,0.0,0.0
186,2,0.016161616161616158,0.10303030303030301,1.308532088875014,1.4379642624553786,0,0,0,0,0,0,5,2,2,1,1,0,0,1,0,0,1,0,3,3,2,1,0,0,0.0,0,1,0.40463523834606263,0.5953647616539374,0.0,0.0,0.0,0.0,0.0,0.0,0.0,5.508710956626505,0.2005968,1.3054338144578317,0.30214419759036143,0.12786159759036173,0.0,0.0,0.0,0.12811715421686753,0.0,0.0,2.3181746530120493,0.0,1.5931537373493987,2.7254094650602414,0.6134860771084338,0.12048593493975872,0.0,0.0
187,9,0.08484848484848484,0.0808080808080808,1.6428103397056424,1.7241384898910794,1,1,3,0,2,2,0,0,0,1,1,0,1,5,3,0,1,1,0,0,0,0,0,0,0.0,1,0,0.5959075247889324,0.4040924752110676,0.0,1.500012130120483,0.7275010265060237,2.035502573493975,0.0,0.5166275493975907,0.9311076433734939,0.0,0.0,0.0,0.3949451349397586,0.17237483132530088,0.0,0.0,0.811035050602409,3.5525343614457823,2.0548634385542166,0.0,1.7592069108433728,0.4030035397590356,0.0,0.0,0.0,0.0,0.0,0.0
188,10,0.07272727272727274,0.07676767676767676,2.15869841761991,2.123530195516279,1,6,0,0,3,0,0,1,0,0,0,0,0,9,0,0,2,0,0,0,0,0,0,0,0.0,1,0,0.4089118468080666,0.5910881531919334,0.0,0.5581067204819278,1.6098495180722885,0.0,0.0,0.132202243373494,0.0,0.0,0.00034123373493975893,0.0,0.0,0.0,0.0,0.0,0.0,2.7357123325301207,0.0,0.0,0.7410431421686746,0.0,0.0,0.0,0.0,0.0,0.0,0.0
189,5,0.08282828282828282,0.07474747474747476,2.1138573377091743,2.1628547644793774,0,6,0,0,3,0,0,1,0,0,0,0,0,8,0,0,2,0,0,0,0,0,0,0,1.0,1,1,0.5956714088558125,0.4043285911441875,5.3510401734939785,0.0,4.231027886746989,0.0,0.0,1.551678137349398,0.0,0.0,0.08246071084337359,0.0,0.0,0.0,0.0,0.41596957590361505,0.0,4.336908975903614,0.0,0.0,4.694950850602411,0.0,0.0,0.0,0.0,0.0,0.0,0.0
190,5,0.056565656565656576,0.06464646464646465,1.8902418519267328,1.8393090087481114,1,4,1,0,2,0,0,0,0,2,1,0,1,8,0,0,1,0,0,0,0,1,0,0,0.0,1,0,0.40450524795626275,0.5954947520437373,0.0,0.5159620337349402,2.3005372626506033,3.7641552939759038,0.0,0.5739881132530128,0.0,0.0,0.0,0.0,0.5796130554216872,0.1032265590361447,0.0,0.0,0.17927989879518028,5.716915163855422,0.0,0.0,0.18737651566265048,0.0,0.0,0.0,0.0,1.3969727277108437,0.0,0.0
191,3,0.09696969696969697,0.09090909090909091,1.9693386724438988,2.0074470535161835,2,1,0,0,2,1,0,1,0,3,1,0,0,4,0,0,4,1,0,0,0,2,0,0,0.0,0,1,0.5968359636045855,0.40316403639541454,0.0,0.9626853759036142,0.9910687879518073,0.0,0.0,1.2718774337349403,0.6991962072289153,0.0,0.8622576216867486,0.0,5.165337448192774,1.0087860722891562,0.0,0.0,0.0,3.7899357397590356,0.0,0.0,6.0826254072289165,1.2049902072289158,0.0,0.0,0.0,0.6310178024096386,0.0,0.0
192,3,0.07878787878787877,0.08282828282828283,1.5832707248586007,1.6446438152312233,0,0,0,0,1,3,0,3,3,0,1,0,0,4,2,0,3,0,1,0,0,1,0,0,0.0,1,0,0.40337106077930085,0.5966289392206992,0.0,0.0,0.0,0.0,0.0,1.2137101373493973,4.005872985542171,0.0,3.8609348457831336,1.428510325301205,0.0,6.13807228915745e-05,0.0,0.0,0.0,1.4077119831325302,1.849905180722893,0.0,2.4743997759036165,0.0,0.39762007228915597,0.0,0.0,1.1898250048192767,0.0,0.0
193,8,0.05656565656565657,0.06464646464646465,1.8896801813345576,1.7811963811053346,0,3,1,0,2,2,0,1,1,0,1,0,0,6,0,0,3,1,0,1,0,0,0,0,0.0,1,0,0.602426114923899,0.39757388507610103,0.0,0.0,5.663048277108437,0.5895180795180723,0.0,4.129417792771086,1.9496287228915685,0.0,0.17048660963855458,0.20007479277108428,0.0,0.06576182891566261,0.0,0.0,0.0,6.416408985542169,0.0,0.0,3.67405313493976,1.8541690409638558,0.0,2.3034342433734936,0.0,0.0,0.0,0.0
194,11,0.08484848484848485,0.14343434343434341,2.0716420601822434,1.683115549348208,0,0,0,0,1,3,0,3,3,0,1,0,3,8,0,0,0,0,0,0,0,0,0,0,0.0,0,0,0.39947490659396145,0.6005250934060385,0.0,0.0,0.0,0.0,0.0,0.5480900746987948,2.3019400409638555,0.0,4.592678949397591,4.7013487662650615,0.0,0.06673322168674711,0.0,0.0,1.6232501493975906,4.12495972048193,0.0,0.0,0.0,0.0,0.0,0.0,0.0,0.0,0.0,0.0
195,10,0.10101010101010101,0.10303030303030303,1.884884212645872,1.906160432785832,0,0,0,0,3,1,0,3,3,0,1,0,0,3,5,0,1,2,0,0,0,0,0,0,1.0,1,0,0.6070475173518419,0.3929524826481581,0.0,0.0,0.0,0.0,0.0,0.7480866072289155,0.2195357204819275,0.0,0.4487955469879521,1.6862810963855417,0.0,0.01374398313253009,0.0,0.0,0.0,1.1064611638554223,2.9986529421686754,0.0,0.3094633373493977,0.8281129445783135,0.0,0.0,0.0,0.0,0.0,0.0
196,5,0.101010101010101,0.08484848484848485,1.9325947728125419,2.0844318260708135,0,0,0,0,2,0,2,4,2,0,1,0,0,1,0,0,3,1,1,2,3,0,0,0,0.0,0,1,0.39311072492552135,0.6068892750744787,0.0,0.0,0.0,0.0,0.0,0.8120313831325296,0.0,4.915814537349398,5.347978814457831,0.5152376746987949,0.0,0.1841323807228913,0.0,0.0,0.0,0.07945048915662627,0.0,0.0,2.3635359180722895,0.23811720000000067,0.3566080554216869,1.2158486746987944,0.8959938650602413,0.0,0.0,0.0
197,10,0.08888888888888889,0.1292929292929293,2.0407941260975146,1.7722819592901156,0,0,1,0,3,1,1,0,1,3,1,0,0,3,1,0,3,1,0,0,0,3,0,0,0.0,1,0,0.6074837014451798,0.3925162985548202,0.0,0.0,0.0,0.7465125469879517,0.0,3.151861727710844,1.1017413975903614,0.48058280240963824,0.0,0.18350204819277097,2.9427034987951792,0.08000213493975887,0.0,0.0,0.0,0.6579975759036152,0.935828457831325,0.0,3.3566585060240977,1.7926363445783136,0.0,0.0,0.0,3.3669961084337343,0.0,0.0
198,10,0.1292929292929293,0.08888888888888889,1.7722819592901156,2.0407941260975146,0,3,3,0,1,2,0,0,0,1,1,0,0,6,3,0,1,1,0,0,0,0,0,0,0.0,0,1,0.39252382781998685,0.6074761721800132,0.0,0.0,2.7507324795180734,4.922927240963854,0.0,2.2367623879518055,4.7285721614457845,0.0,0.0,0.0,1.1497637277108437,0.21334326506024073,0.0,0.0,0.0,9.214167491566265,3.711114881927713,0.0,0.8547043012048195,1.0519902,0.0,0.0,0.0,0.0,0.0,0.0
199,3,0.060606060606060615,0.0707070707070707,1.8702472047785696,1.7589488288203476,0,0,0,0,3,1,1,0,2,0,4,0,0,3,0,0,4,1,0,0,0,3,0,0,0.0,1,1,0.6094173943071383,0.39058260569286174,0.0,0.0,0.0,0.0,0.0,0.5344430385542163,0.2899738771084338,1.548701638554218,0.0,1.0279941831325314,0.0,4.603534127710843,0.0,0.0,0.0,6.262136233734939,0.0,0.0,9.314491481927712,1.2471558795180724,0.0,0.0,0.0,3.3590031397590367,0.0,0.0
200,3,0.08282828282828283,0.0707070707070707,1.6130830602129465,1.3237621175297691,0,1,1,0,2,1,0,1,2,2,1,0,0,3,1,0,2,2,0,1,0,2,0,0,0.0,0,2,0.3914457074594515,0.6085542925405485,0.0,0.0,0.4026691156626508,0.10546487710843362,0.0,1.3190483132530115,0.26055727951807195,0.0,0.1952683373493975,0.8789725590361445,4.102922978313257,0.039749053012048445,0.0,0.0,0.0,0.6047991831325296,3.3880642987951797,0.0,0.6293703036144582,1.5690512891566262,0.0,0.19683621686747008,0.0,0.629352498795181,0.0,0.0
201,10,0.10303030303030303,0.08686868686868687,1.9644065058560591,1.9703627834878077,0,1,1,0,1,2,0,2,0,3,1,0,0,3,1,0,2,1,0,0,0,4,0,0,1.0,1,1,0.6096551554747752,0.3903448445252248,0.0,0.0,0.3223441156626499,0.08159853253012041,0.0,0.3244347108433738,2.0446957228915665,0.0,0.29166186506024094,0.0,2.407889718072288,0.09681034698795189,0.0,0.0,0.0,0.38741525060240944,1.9681785180722873,0.0,0.6829644867469882,0.10537345301204823,0.0,0.0,0.0,2.446080845783132,0.0,0.0
202,1,0.07272727272727274,0.07676767676767676,1.6450907808389679,1.742857884308609,0,2,3,0,4,1,0,0,0,0,1,0,0,5,3,0,1,2,0,0,0,0,0,0,1.0,1,0,0.390636699522506,0.609363300477494,0.0,0.0,1.2351395783132528,2.5413087036144586,0.0,2.0860123156626518,0.18694942409638535,0.0,0.0,0.0,0.0,0.06041796144578302,0.0,0.0,0.0,4.3232608481927715,3.462835828915663,0.0,0.2829704963855419,1.5125735566265064,0.0,0.0,0.0,0.0,0.0,0.0
203,1,0.06464646464646463,0.06464646464646465,1.8168830075332048,1.7704394416631515,2,1,1,0,3,2,0,0,0,1,1,0,1,6,1,0,2,1,0,0,0,0,0,0,0.0,0,2,0.6116135173726797,0.38838648262732034,0.0,1.5754734144578306,0.2829942722891559,0.1756555228915665,0.0,0.6474298915662646,0.2870405783132529,0.0,0.0,0.0,2.68561963373494,0.1078159518072287,0.0,0.0,0.15159223373494,4.361390746987954,0.32616945542168685,0.0,2.686005,0.1533267325301203,0.0,0.0,0.0,0.0,0.0,0.0
204,1,0.07272727272727274,0.044444444444444446,1.7169889533552485,1.6221149492841205,2,5,0,0,2,0,0,1,0,1,0,0,2,7,1,0,1,0,0,0,0,0,0,0,0.0,1,1,0.38942969578089404,0.610570304219106,0.0,4.929941465060239,6.632078804819279,0.0,0.0,3.927708918072288,0.0,0.0,0.6294253734939755,0.0,1.480820906024096,0.0,0.0,0.0,1.2417415807228913,3.8547988698795184,1.8406031638554248,0.0,0.20698579518072296,0.0,0.0,0.0,0.0,0.0,0.0,0.0
